interface,overload_control,Load,BREAKWATERD_B,RATE_LIMITING,BREAKWATERD_SLO,DAGOR_QUEUING_THRESHOLD,PRICE_UPDATE_RATE,LAZY_UPDATE,DAGOR_ADMISSION_LEVEL_UPDATE_INTERVAL,TOKEN_UPDATE_RATE,LOAD_SHEDDING,PRICE_STEP,BREAKWATER_A,BREAKWATER_LOAD_SHEDDING,BREAKWATERD_INITIAL_CREDIT,LATENCY_THRESHOLD,BREAKWATER_CLIENT_EXPIRATION,DAGOR_UMAX,BREAKWATERD_A,BREAKWATERD_LOAD_SHEDDING,PRICE_STRATEGY,BREAKWATERD_RTT,BREAKWATER_INITIAL_CREDIT,BREAKWATER_B,DAGOR_ALPHA,INTERCEPT,BREAKWATERD_CLIENT_EXPIRATION,DAGOR_BETA,CHARON_TRACK_PRICE,BREAKWATER_SLO,BREAKWATER_RTT,Throughput,Goodput,99th_percentile,95th_percentile,Median Latency,Throughput std,Goodput std,99th_percentile std,95th_percentile std,Median Latency std,file_count,Request
S_102000854,breakwater,1000,0.02,True,12500us,2ms,10ms,False,10ms,10ms,True,0,8.34044009405148,True,400,100us,0us,20,0.001,True,step,1000us,605,1.4406489868843162,0.05,breakwater,10ms,0.01,False,1937us,2935us,57.06637031485067,57.06637031485067,45.79641882666667,45.14976391666666,43.873120666666665,4.413514289608305,4.413514289608305,0.2173109032078353,0.089321673908727,0.0586417114025728,3,S_102000854
S_102000854,breakwater,2000,0.02,True,12500us,2ms,10ms,False,10ms,10ms,True,0,8.34044009405148,True,400,100us,0us,20,0.001,True,step,1000us,605,1.4406489868843162,0.05,breakwater,10ms,0.01,False,1937us,2935us,312.4923603048824,312.4923603048824,46.00843585333333,44.59833,42.767185000000005,20.18952754455649,20.18952754455649,0.6185474334566344,0.2360126674177899,0.1194501428239707,3,S_102000854
S_102000854,breakwater,3000,0.02,True,12500us,2ms,10ms,False,10ms,10ms,True,0,8.34044009405148,True,400,100us,0us,20,0.001,True,step,1000us,605,1.4406489868843162,0.05,breakwater,10ms,0.01,False,1937us,2935us,867.4608785287668,867.4608785287668,46.22617433999998,43.89629391666667,41.53914483333333,20.16603951163831,20.16603951163831,0.8226658663481015,0.1533679492623246,0.0327167615154005,3,S_102000854
S_102000854,breakwater,4000,0.02,True,12500us,2ms,10ms,False,10ms,10ms,True,0,8.34044009405148,True,400,100us,0us,20,0.001,True,step,1000us,605,1.4406489868843162,0.05,breakwater,10ms,0.01,False,1937us,2935us,1263.8154074842068,1263.8154074842068,48.70930107999999,45.1920696,41.36469466666667,36.49533675770755,36.49533675770755,0.2151764878019563,0.0990131025708814,0.0322547689118307,3,S_102000854
S_102000854,breakwater,5000,0.02,True,12500us,2ms,10ms,False,10ms,10ms,True,0,8.34044009405148,True,400,100us,0us,20,0.001,True,step,1000us,605,1.4406489868843162,0.05,breakwater,10ms,0.01,False,1937us,2935us,1765.9795136173225,1765.9795136173225,50.581532226666674,46.46753808333333,41.2547615,3.907299625714336,3.907299625714336,0.1847258217634899,0.2912901569726774,0.0632254723364464,3,S_102000854
S_102000854,breakwater,6000,0.02,True,12500us,2ms,10ms,False,10ms,10ms,True,0,8.34044009405148,True,400,100us,0us,20,0.001,True,step,1000us,605,1.4406489868843162,0.05,breakwater,10ms,0.01,False,1937us,2935us,2522.6215376960085,2522.6215376960085,55.15295522,49.16537316666666,41.720585,43.39033608193491,43.39033608193491,1.487289167551341,0.3980789985464552,0.0878884714320737,3,S_102000854
S_102000854,breakwater,7000,0.02,True,12500us,2ms,10ms,False,10ms,10ms,True,0,8.34044009405148,True,400,100us,0us,20,0.001,True,step,1000us,605,1.4406489868843162,0.05,breakwater,10ms,0.01,False,1937us,2935us,3320.067891067311,3320.067891067311,60.614569976666665,53.162294516666655,43.1795985,26.111109205623727,26.111109205623727,1.959093350049292,0.5438093930748472,0.1859281188044646,3,S_102000854
S_102000854,breakwater,8000,0.02,True,12500us,2ms,10ms,False,10ms,10ms,True,0,8.34044009405148,True,400,100us,0us,20,0.001,True,step,1000us,605,1.4406489868843162,0.05,breakwater,10ms,0.01,False,1937us,2935us,4236.745065555501,4236.745065555501,73.86354045999998,63.420298383333325,47.42534383333333,139.41813172008435,139.41813172008435,0.860804287885148,0.4156542544085771,0.4675924941891795,3,S_102000854
S_102000854,breakwater,9000,0.02,True,12500us,2ms,10ms,False,10ms,10ms,True,0,8.34044009405148,True,400,100us,0us,20,0.001,True,step,1000us,605,1.4406489868843162,0.05,breakwater,10ms,0.01,False,1937us,2935us,4977.089397571978,4977.089397571978,88.48445998999999,75.30154726666667,53.188177333333336,371.4096400154272,371.4096400154272,6.86776746121553,6.457174687019205,3.6298344546392496,3,S_102000854
S_102000854,breakwater,10000,0.02,True,12500us,2ms,10ms,False,10ms,10ms,True,0,8.34044009405148,True,400,100us,0us,20,0.001,True,step,1000us,605,1.4406489868843162,0.05,breakwater,10ms,0.01,False,1937us,2935us,5873.081375520306,5873.081375520306,129.7171245000001,103.03201413333332,65.82050366666665,52.39897624227934,52.39897624227934,6.14070500131377,1.868251514456348,0.8338642675756978,3,S_102000854
S_102000854,breakwater,11000,0.02,True,12500us,2ms,10ms,False,10ms,10ms,True,0,8.34044009405148,True,400,100us,0us,20,0.001,True,step,1000us,605,1.4406489868843162,0.05,breakwater,10ms,0.01,False,1937us,2935us,6006.219295797288,6006.219295797288,157.90849222666662,131.45022158333333,79.17422016666667,35.519024525813506,35.519024525813506,11.19518104994798,7.877678241662046,4.8390781177339965,3,S_102000854
S_102000854,breakwater,12000,0.02,True,12500us,2ms,10ms,False,10ms,10ms,True,0,8.34044009405148,True,400,100us,0us,20,0.001,True,step,1000us,605,1.4406489868843162,0.05,breakwater,10ms,0.01,False,1937us,2935us,6099.402512276437,6014.712411287723,221.90445371600003,172.34318661999995,91.0036128,157.24197905089312,155.22305695889327,18.638049685152247,11.279091032142594,4.223976714743938,5,S_102000854
S_102000854,breakwater,13000,0.02,True,12500us,2ms,10ms,False,10ms,10ms,True,0,8.34044009405148,True,400,100us,0us,20,0.001,True,step,1000us,605,1.4406489868843162,0.05,breakwater,10ms,0.01,False,1937us,2935us,6558.294996645451,6299.233830057634,258.12156358333334,204.7936552166666,106.64570016666666,106.84599879638712,42.91790651182358,19.88858270812276,16.592750175590147,3.935375918939984,3,S_102000854
S_102000854,breakwater,14000,0.02,True,12500us,2ms,10ms,False,10ms,10ms,True,0,8.34044009405148,True,400,100us,0us,20,0.001,True,step,1000us,605,1.4406489868843162,0.05,breakwater,10ms,0.01,False,1937us,2935us,6292.316272002746,5897.3428469881865,291.0326351699999,222.37349991666665,113.0443005,478.22050555840383,334.5778365938904,36.19589684285548,21.69986597517041,14.214703917179373,3,S_102000854
S_102000854,breakwater,15000,0.02,True,12500us,2ms,10ms,False,10ms,10ms,True,0,8.34044009405148,True,400,100us,0us,20,0.001,True,step,1000us,605,1.4406489868843162,0.05,breakwater,10ms,0.01,False,1937us,2935us,6160.223217552098,5492.740955948855,286.74351154,239.56941991666656,122.29700133333333,277.83644333451355,103.95739455514511,25.77455241027444,23.930182092227803,15.89078134381936,3,S_102000854
S_102000854,breakwater,16000,0.02,True,12500us,2ms,10ms,False,10ms,10ms,True,0,8.34044009405148,True,400,100us,0us,20,0.001,True,step,1000us,605,1.4406489868843162,0.05,breakwater,10ms,0.01,False,1937us,2935us,6662.313776297897,5565.7693936847645,349.5920570199999,274.64172315,143.424424,13.816386258755983,213.1664303270038,46.47385797999988,22.013745850000014,8.710566,2,S_102000854
S_102000854,breakwaterd,1000,7.16324267765976,True,11335us,2ms,10ms,False,10ms,10ms,True,0,8.52203709658313,True,1415,100us,4947us,20,9.892631925098604,True,step,16898us,108,9.873027806416664,0.05,breakwaterd,45230us,0.01,False,28396us,18100us,961.0175298099604,961.0175298099604,44.273034646666666,42.98443215,41.21154216666667,39.38191250943935,39.38191250943935,0.1331596226755495,0.0604524761086095,0.0431064012654257,3,S_102000854
S_102000854,breakwaterd,2000,7.16324267765976,True,11335us,2ms,10ms,False,10ms,10ms,True,0,8.52203709658313,True,1415,100us,4947us,20,9.892631925098604,True,step,16898us,108,9.873027806416664,0.05,breakwaterd,45230us,0.01,False,28396us,18100us,1914.9985832194416,1914.9985832194416,45.89269511333331,43.39237366666666,40.75166033333333,22.420319498633173,22.420319498633173,0.2545701009215446,0.0324610147472868,0.02259536552162,3,S_102000854
S_102000854,breakwaterd,3000,7.16324267765976,True,11335us,2ms,10ms,False,10ms,10ms,True,0,8.52203709658313,True,1415,100us,4947us,20,9.892631925098604,True,step,16898us,108,9.873027806416664,0.05,breakwaterd,45230us,0.01,False,28396us,18100us,2830.8401986266467,2830.8401986266467,51.91576714666664,47.69792593333333,42.15737683333334,123.72629075989578,123.72629075989578,0.9100246488402493,0.5579594981652881,0.2489204328811166,3,S_102000854
S_102000854,breakwaterd,4000,7.16324267765976,True,11335us,2ms,10ms,False,10ms,10ms,True,0,8.52203709658313,True,1415,100us,4947us,20,9.892631925098604,True,step,16898us,108,9.873027806416664,0.05,breakwaterd,45230us,0.01,False,28396us,18100us,3823.880410222035,3823.880410222035,60.60684240000004,52.82708885,44.43578233333333,55.204321314830665,55.204321314830665,0.6299059025108574,0.2085436358417823,0.0231746090126449,3,S_102000854
S_102000854,breakwaterd,5000,7.16324267765976,True,11335us,2ms,10ms,False,10ms,10ms,True,0,8.52203709658313,True,1415,100us,4947us,20,9.892631925098604,True,step,16898us,108,9.873027806416664,0.05,breakwaterd,45230us,0.01,False,28396us,18100us,3740.55527813649,3740.55527813649,82.9354650566667,69.60476748333333,52.3728085,1199.6844406037403,1199.6844406037403,7.963885384993344,5.294385554280398,1.988875801969672,3,S_102000854
S_102000854,breakwaterd,6000,7.16324267765976,True,11335us,2ms,10ms,False,10ms,10ms,True,0,8.52203709658313,True,1415,100us,4947us,20,9.892631925098604,True,step,16898us,108,9.873027806416664,0.05,breakwaterd,45230us,0.01,False,28396us,18100us,208.29466633564547,208.29466633564547,104.95242016,94.10750123333332,66.77226833333333,125.18545460051286,125.18545460051286,8.014364567451858,5.02139473673507,5.370058931140106,3,S_102000854
S_102000854,breakwaterd,7000,7.16324267765976,True,11335us,2ms,10ms,False,10ms,10ms,True,0,8.52203709658313,True,1415,100us,4947us,20,9.892631925098604,True,step,16898us,108,9.873027806416664,0.05,breakwaterd,45230us,0.01,False,28396us,18100us,382.5012205099265,381.89005151884834,164.48543226333334,144.718063,95.90980066666668,164.70482911834952,164.88922044398876,29.01028519161257,20.529378553085905,5.237092377560308,3,S_102000854
S_102000854,breakwaterd,8000,7.16324267765976,True,11335us,2ms,10ms,False,10ms,10ms,True,0,8.52203709658313,True,1415,100us,4947us,20,9.892631925098604,True,step,16898us,108,9.873027806416664,0.05,breakwaterd,45230us,0.01,False,28396us,18100us,349.73086030558005,349.4585594065514,182.86644456,161.61232983333332,116.17624216666668,294.29009959337867,293.90621146770377,8.72098877403987,8.3426342666809,8.441408634092754,3,S_102000854
S_102000854,breakwaterd,9000,7.16324267765976,True,11335us,2ms,10ms,False,10ms,10ms,True,0,8.52203709658313,True,1415,100us,4947us,20,9.892631925098604,True,step,16898us,108,9.873027806416664,0.05,breakwaterd,45230us,0.01,False,28396us,18100us,199.7200999546808,199.7200999546808,153.92737496000004,140.00586871666667,107.76910833333334,16.51259701426161,16.51259701426161,9.52918918685252,5.971911327976281,6.051204913599737,3,S_102000854
S_102000854,breakwaterd,10000,7.16324267765976,True,11335us,2ms,10ms,False,10ms,10ms,True,0,8.52203709658313,True,1415,100us,4947us,20,9.892631925098604,True,step,16898us,108,9.873027806416664,0.05,breakwaterd,45230us,0.01,False,28396us,18100us,173.79862324362205,157.56181276128933,217.3359811375,194.240274575,120.284265375,143.56090745758513,139.0988937935193,63.88865984012416,70.41921465808562,28.90995676600511,4,S_102000854
S_102000854,breakwaterd,11000,7.16324267765976,True,11335us,2ms,10ms,False,10ms,10ms,True,0,8.52203709658313,True,1415,100us,4947us,20,9.892631925098604,True,step,16898us,108,9.873027806416664,0.05,breakwaterd,45230us,0.01,False,28396us,18100us,83.17794025288238,82.73836481647949,168.46397686333336,150.85715424999998,92.465303,40.794490088561794,40.73575191650803,37.08015412001548,40.27119452086261,17.2874840522343,3,S_102000854
S_102000854,breakwaterd,12000,7.16324267765976,True,11335us,2ms,10ms,False,10ms,10ms,True,0,8.52203709658313,True,1415,100us,4947us,20,9.892631925098604,True,step,16898us,108,9.873027806416664,0.05,breakwaterd,45230us,0.01,False,28396us,18100us,228.42847069959444,215.80559689982164,206.09785155599997,187.78344685,125.8722175,174.12936489279835,176.96959578867077,52.96114074653468,51.45676248353721,48.12411388058507,5,S_102000854
S_102000854,breakwaterd,13000,7.16324267765976,True,11335us,2ms,10ms,False,10ms,10ms,True,0,8.52203709658313,True,1415,100us,4947us,20,9.892631925098604,True,step,16898us,108,9.873027806416664,0.05,breakwaterd,45230us,0.01,False,28396us,18100us,177.63482698668508,177.12404931174993,171.4099259566667,155.03811464999998,122.461861,113.90057862292926,113.25172927342253,31.01631518717828,38.646415353782814,25.74639979218067,3,S_102000854
S_102000854,breakwaterd,14000,7.16324267765976,True,11335us,2ms,10ms,False,10ms,10ms,True,0,8.52203709658313,True,1415,100us,4947us,20,9.892631925098604,True,step,16898us,108,9.873027806416664,0.05,breakwaterd,45230us,0.01,False,28396us,18100us,74.0160476179932,74.0160476179932,142.70800422499997,124.28737094999998,86.473998,63.406808072915865,63.406808072915865,36.70253672500002,42.21875625,34.010775,3,S_102000854
S_102000854,breakwaterd,15000,7.16324267765976,True,11335us,2ms,10ms,False,10ms,10ms,True,0,8.52203709658313,True,1415,100us,4947us,20,9.892631925098604,True,step,16898us,108,9.873027806416664,0.05,breakwaterd,45230us,0.01,False,28396us,18100us,64.46423876072528,64.42981198479077,190.17507070666667,179.72113336666666,118.335296,33.849908481407496,33.89383949373005,15.393748904144395,11.358421546261736,15.670224891841228,3,S_102000854
S_102000854,breakwaterd,16000,7.16324267765976,True,11335us,2ms,10ms,False,10ms,10ms,True,0,8.52203709658313,True,1415,100us,4947us,20,9.892631925098604,True,step,16898us,108,9.873027806416664,0.05,breakwaterd,45230us,0.01,False,28396us,18100us,108.03169319497012,72.9931466011008,245.55689123,237.81067385,167.41922325000002,68.84467022699792,33.9079081083701,41.71173547000001,40.67129644999997,20.60001225,2,S_102000854
S_102000854,charon,1000,0.02,True,12500us,2ms,10089us,True,10ms,21077us,True,145,0.001,True,400,8027us,10ms,20,0.001,True,proportional,1000us,400,0.02,0.05,charon,10ms,0.01,False,12500us,1000us,997.7092555223298,997.7092555223298,43.70847172,42.59394711666667,40.96394683333333,0.6263973284517027,0.6263973284517027,0.1426858220569066,0.0648618259199813,0.0250262986953513,3,S_102000854
S_102000854,charon,2000,0.02,True,12500us,2ms,10089us,True,10ms,21077us,True,145,0.001,True,400,8027us,10ms,20,0.001,True,proportional,1000us,400,0.02,0.05,charon,10ms,0.01,False,12500us,1000us,1969.3663617114037,1969.3663617114037,44.73482114666666,42.62026601666667,40.3302125,28.08956643157181,28.08956643157181,0.7388283000865454,0.3699120312394295,0.0900253889642593,3,S_102000854
S_102000854,charon,3000,0.02,True,12500us,2ms,10089us,True,10ms,21077us,True,145,0.001,True,400,8027us,10ms,20,0.001,True,proportional,1000us,400,0.02,0.05,charon,10ms,0.01,False,12500us,1000us,2960.10178651512,2960.10178651512,48.01453396666667,45.07513281666667,41.0191165,23.807810080340328,23.807810080340328,0.6786218714373036,0.8068652711399886,0.2629726972415575,3,S_102000854
S_102000854,charon,4000,0.02,True,12500us,2ms,10089us,True,10ms,21077us,True,145,0.001,True,400,8027us,10ms,20,0.001,True,proportional,1000us,400,0.02,0.05,charon,10ms,0.01,False,12500us,1000us,3963.849477053367,3963.849477053367,54.905874186666665,49.94912203333333,42.98035066666667,21.92366773363927,21.92366773363927,0.3977422836981985,0.2857015153271767,0.2612090888239195,3,S_102000854
S_102000854,charon,5000,0.02,True,12500us,2ms,10089us,True,10ms,21077us,True,145,0.001,True,400,8027us,10ms,20,0.001,True,proportional,1000us,400,0.02,0.05,charon,10ms,0.01,False,12500us,1000us,4986.237624390122,4986.237624390122,69.21150857666669,59.9075914,47.5985325,7.167408482227889,7.167408482227889,1.376955534155476,0.2192678718428847,0.2751535078772685,3,S_102000854
S_102000854,charon,6000,0.02,True,12500us,2ms,10089us,True,10ms,21077us,True,145,0.001,True,400,8027us,10ms,20,0.001,True,proportional,1000us,400,0.02,0.05,charon,10ms,0.01,False,12500us,1000us,5833.62488149963,5833.62488149963,94.21224268,77.6183679333333,55.69631933333333,107.92467368682318,107.92467368682318,4.34177700037869,0.4340396536315813,0.8886970680392489,3,S_102000854
S_102000854,charon,7000,0.02,True,12500us,2ms,10089us,True,10ms,21077us,True,145,0.001,True,400,8027us,10ms,20,0.001,True,proportional,1000us,400,0.02,0.05,charon,10ms,0.01,False,12500us,1000us,6405.795293105309,6405.795293105309,121.20781688666676,98.80755846666666,66.00411783333332,97.60242377453262,97.60242377453262,5.898054984919082,1.9144453850400247,1.6443322008109256,3,S_102000854
S_102000854,charon,8000,0.02,True,12500us,2ms,10089us,True,10ms,21077us,True,145,0.001,True,400,8027us,10ms,20,0.001,True,proportional,1000us,400,0.02,0.05,charon,10ms,0.01,False,12500us,1000us,6284.5329775584205,6251.513187302694,189.9925563033333,100.3165859,61.201330000000006,300.2155938161194,331.67999045491086,26.47051466233162,13.826459255937076,4.563793253938295,3,S_102000854
S_102000854,charon,9000,0.02,True,12500us,2ms,10089us,True,10ms,21077us,True,145,0.001,True,400,8027us,10ms,20,0.001,True,proportional,1000us,400,0.02,0.05,charon,10ms,0.01,False,12500us,1000us,6346.811939493909,6271.339171776429,214.08778431999997,135.49725069999997,67.0785415,283.16641035136627,365.9437020125234,42.24285773185026,15.149620109765912,4.923347155175141,3,S_102000854
S_102000854,charon,10000,0.02,True,12500us,2ms,10089us,True,10ms,21077us,True,145,0.001,True,400,8027us,10ms,20,0.001,True,proportional,1000us,400,0.02,0.05,charon,10ms,0.01,False,12500us,1000us,6211.960801672736,6097.304580565609,247.5908736,138.38796485999987,67.8852086,286.18875237128105,322.2292321034854,31.642801956639023,5.163329952186524,4.095474631427306,5,S_102000854
S_102000854,charon,11000,0.02,True,12500us,2ms,10089us,True,10ms,21077us,True,145,0.001,True,400,8027us,10ms,20,0.001,True,proportional,1000us,400,0.02,0.05,charon,10ms,0.01,False,12500us,1000us,6179.285945391697,6031.278969793518,267.3855544299999,148.3701125166666,67.59493883333333,246.9098448196742,299.773651989151,41.76409459590391,10.699220246203502,5.484739148476865,3,S_102000854
S_102000854,charon,12000,0.02,True,12500us,2ms,10089us,True,10ms,21077us,True,145,0.001,True,400,8027us,10ms,20,0.001,True,proportional,1000us,400,0.02,0.05,charon,10ms,0.01,False,12500us,1000us,6023.6408427503375,5823.464150669658,287.666499146,169.93811803999995,70.1558228,235.83368924400904,261.16823965734216,21.26620108003265,29.119597307559,2.1318825710979143,5,S_102000854
S_102000854,charon,13000,0.02,True,12500us,2ms,10089us,True,10ms,21077us,True,145,0.001,True,400,8027us,10ms,20,0.001,True,proportional,1000us,400,0.02,0.05,charon,10ms,0.01,False,12500us,1000us,5817.836014797961,5596.301767208115,314.75997531000024,161.1039740499998,68.95173899999999,405.277667224237,424.82023233691007,38.40898198892453,31.87173014501498,5.9983414310578524,3,S_102000854
S_102000854,charon,14000,0.02,True,12500us,2ms,10089us,True,10ms,21077us,True,145,0.001,True,400,8027us,10ms,20,0.001,True,proportional,1000us,400,0.02,0.05,charon,10ms,0.01,False,12500us,1000us,5430.609897421372,5167.77033259075,347.82878515333323,222.9963680833332,69.29699566666666,529.3831800171479,555.7863908813534,51.4849942615796,47.36900676479676,4.718282771662455,3,S_102000854
S_102000854,charon,15000,0.02,True,12500us,2ms,10089us,True,10ms,21077us,True,145,0.001,True,400,8027us,10ms,20,0.001,True,proportional,1000us,400,0.02,0.05,charon,10ms,0.01,False,12500us,1000us,5452.459067280721,5175.930320688388,389.9713026766667,214.7807825,72.111733,627.3117287951388,646.1368105546519,28.73732664181951,65.56354059515739,4.759387768117716,3,S_102000854
S_102000854,charon,16000,0.02,True,12500us,2ms,10089us,True,10ms,21077us,True,145,0.001,True,400,8027us,10ms,20,0.001,True,proportional,1000us,400,0.02,0.05,charon,10ms,0.01,False,12500us,1000us,6074.006508891735,5850.655528648476,328.65685555999977,170.39104997499993,72.86961375,177.99166591517474,117.94871549286722,16.974015120000104,24.50510657500005,1.0914992499999985,2,S_102000854
S_102000854,dagor,1000,0.02,True,12500us,1582us,10ms,False,5443us,10ms,True,0,0.001,True,400,100us,10ms,16,0.001,True,step,1000us,400,0.02,0.274757894880173,dagor,10ms,2.6518845382867213,False,12500us,1000us,993.1822173902392,993.1822173902392,45.71576658749999,43.4877428625,41.10984,1.413246239742944,1.413246239742944,0.2590498827434449,0.1236730205144662,0.0325176984060217,4,S_102000854
S_102000854,dagor,2000,0.02,True,12500us,1582us,10ms,False,5443us,10ms,True,0,0.001,True,400,100us,10ms,16,0.001,True,step,1000us,400,0.02,0.274757894880173,dagor,10ms,2.6518845382867213,False,12500us,1000us,1930.9831562709287,1930.9831562709287,46.502496895,44.0547139125,40.63090425,3.319822072700547,3.319822072700547,0.253076281357965,0.2140881905405427,0.0960819536083019,4,S_102000854
S_102000854,dagor,3000,0.02,True,12500us,1582us,10ms,False,5443us,10ms,True,0,0.001,True,400,100us,10ms,16,0.001,True,step,1000us,400,0.02,0.274757894880173,dagor,10ms,2.6518845382867213,False,12500us,1000us,2712.564127758864,2712.564127758864,52.38851207333332,48.27971763333333,41.569624,6.738947891723201,6.738947891723201,0.4700601216447016,0.1233458233210751,0.0144698590410094,3,S_102000854
S_102000854,dagor,4000,0.02,True,12500us,1582us,10ms,False,5443us,10ms,True,0,0.001,True,400,100us,10ms,16,0.001,True,step,1000us,400,0.02,0.274757894880173,dagor,10ms,2.6518845382867213,False,12500us,1000us,3301.114180185242,3301.114180185242,63.1205456625,56.0642155875,44.1258395,26.864954468308028,26.864954468308028,2.168794755675128,0.7507030136252381,0.2859818127274462,4,S_102000854
S_102000854,dagor,5000,0.02,True,12500us,1582us,10ms,False,5443us,10ms,True,0,0.001,True,400,100us,10ms,16,0.001,True,step,1000us,400,0.02,0.274757894880173,dagor,10ms,2.6518845382867213,False,12500us,1000us,3662.1527231482582,3662.1527231482582,78.04447650499999,67.63365415,48.46683875,32.245533299393195,32.245533299393195,2.436346042819204,1.655319678603679,0.448435296033541,4,S_102000854
S_102000854,dagor,6000,0.02,True,12500us,1582us,10ms,False,5443us,10ms,True,0,0.001,True,400,100us,10ms,16,0.001,True,step,1000us,400,0.02,0.274757894880173,dagor,10ms,2.6518845382867213,False,12500us,1000us,3948.473767992696,3948.473767992696,96.99543045249992,81.2842129125,53.843575875,27.24925732710333,27.24925732710333,2.738152526918296,1.7458988033388845,0.501458795436297,4,S_102000854
S_102000854,dagor,7000,0.02,True,12500us,1582us,10ms,False,5443us,10ms,True,0,0.001,True,400,100us,10ms,16,0.001,True,step,1000us,400,0.02,0.274757894880173,dagor,10ms,2.6518845382867213,False,12500us,1000us,4017.95231478955,4017.95231478955,119.92769941333336,99.49688048333331,61.0624255,42.55269014313227,42.55269014313227,4.00749283254064,2.8552340042693665,0.9558567956583084,3,S_102000854
S_102000854,dagor,8000,0.02,True,12500us,1582us,10ms,False,5443us,10ms,True,0,0.001,True,400,100us,10ms,16,0.001,True,step,1000us,400,0.02,0.274757894880173,dagor,10ms,2.6518845382867213,False,12500us,1000us,4080.250321936248,4076.759225644239,163.64463254749992,124.1152022,72.396527125,25.854714525679167,24.751005527701366,16.935689840784896,5.392942585867369,1.1787646059305288,4,S_102000854
S_102000854,dagor,9000,0.02,True,12500us,1582us,10ms,False,5443us,10ms,True,0,0.001,True,400,100us,10ms,16,0.001,True,step,1000us,400,0.02,0.274757894880173,dagor,10ms,2.6518845382867213,False,12500us,1000us,4070.057897477378,4061.533187987611,180.64789555749996,145.6315335625,83.04540075,66.40185437605595,69.93590860691084,14.909809676234056,11.829089999925513,3.278476535040886,4,S_102000854
S_102000854,dagor,10000,0.02,True,12500us,1582us,10ms,False,5443us,10ms,True,0,0.001,True,400,100us,10ms,16,0.001,True,step,1000us,400,0.02,0.274757894880173,dagor,10ms,2.6518845382867213,False,12500us,1000us,4090.352728733151,4050.7810817895215,212.76856407,170.6324919833333,92.950321,66.38395593215033,72.95962969663363,16.719760719680867,10.953122093039823,3.3327416822177107,6,S_102000854
S_102000854,dagor,11000,0.02,True,12500us,1582us,10ms,False,5443us,10ms,True,0,0.001,True,400,100us,10ms,16,0.001,True,step,1000us,400,0.02,0.274757894880173,dagor,10ms,2.6518845382867213,False,12500us,1000us,4111.592354678217,3867.4535651054193,276.54379906666674,221.21068234999996,112.52990483333332,48.71586136053386,146.22201039995008,28.24376633733275,18.16119999978727,4.127649070173283,3,S_102000854
S_102000854,dagor,12000,0.02,True,12500us,1582us,10ms,False,5443us,10ms,True,0,0.001,True,400,100us,10ms,16,0.001,True,step,1000us,400,0.02,0.274757894880173,dagor,10ms,2.6518845382867213,False,12500us,1000us,4122.255644530216,3802.564079965475,324.63875721250014,233.1136216,122.754320125,115.31817011279443,242.4766212328506,83.68832883095011,25.07785967713557,5.486861883075566,4,S_102000854
S_102000854,dagor,13000,0.02,True,12500us,1582us,10ms,False,5443us,10ms,True,0,0.001,True,400,100us,10ms,16,0.001,True,step,1000us,400,0.02,0.274757894880173,dagor,10ms,2.6518845382867213,False,12500us,1000us,4145.81449512879,3467.915520745709,325.34709937,271.4084063749999,145.69399,31.641391732199303,93.83695891812825,10.635169675113218,12.593856229438972,4.46418362274146,4,S_102000854
S_102000854,dagor,14000,0.02,True,12500us,1582us,10ms,False,5443us,10ms,True,0,0.001,True,400,100us,10ms,16,0.001,True,step,1000us,400,0.02,0.274757894880173,dagor,10ms,2.6518845382867213,False,12500us,1000us,4150.838138499301,2922.6512663569306,429.6053789633328,329.75668008333326,175.214259,30.27057344434021,82.18211917367579,10.642072809446416,14.10591347310864,3.0199029208238835,3,S_102000854
S_102000854,dagor,15000,0.02,True,12500us,1582us,10ms,False,5443us,10ms,True,0,0.001,True,400,100us,10ms,16,0.001,True,step,1000us,400,0.02,0.274757894880173,dagor,10ms,2.6518845382867213,False,12500us,1000us,4178.519142310198,2360.5432103360995,472.24783302333327,394.2494452666667,201.9836313333333,73.45790984202891,308.8150392323148,57.74830883996644,42.40999126125728,13.75225043766855,3,S_102000854
S_149998854,breakwaterd,1000,0.0,True,55252us,2ms,10ms,False,10ms,10ms,True,0,0.0,True,1526,100us,5000us,20,0.0,True,step,11406us,1,10.0,0.05,breakwaterd,83925us,0.01,False,32900us,10569us,902.3248200264992,902.3248200264992,117.8057474,115.68132965,113.4206635,14.845041166232363,14.845041166232363,0.1621864800000025,0.1511571499999924,0.0840625000000017,2,S_149998854
S_149998854,breakwaterd,2000,0.0,True,55252us,2ms,10ms,False,10ms,10ms,True,0,0.0,True,1526,100us,5000us,20,0.0,True,step,11406us,1,10.0,0.05,breakwaterd,83925us,0.01,False,32900us,10569us,1757.1745841629963,1757.1745841629963,123.10300886000002,119.3084624,113.929561,79.99125918196358,79.99125918196358,1.87738632000001,1.2514977999999992,0.4777810000000038,2,S_149998854
S_149998854,breakwaterd,3000,0.0,True,55252us,2ms,10ms,False,10ms,10ms,True,0,0.0,True,1526,100us,5000us,20,0.0,True,step,11406us,1,10.0,0.05,breakwaterd,83925us,0.01,False,32900us,10569us,133.74740376328023,133.74740376328023,167.87762337,161.64031755000002,146.90092950000002,53.2192879911054,53.2192879911054,45.928370250000015,42.67459135000001,30.27474950000001,2,S_149998854
S_149998854,breakwaterd,4000,0.0,True,55252us,2ms,10ms,False,10ms,10ms,True,0,0.0,True,1526,100us,5000us,20,0.0,True,step,11406us,1,10.0,0.05,breakwaterd,83925us,0.01,False,32900us,10569us,2109.271405080993,2109.271405080993,142.45147227,134.386567225,122.6963615,1584.811932879713,1584.811932879713,22.98279496999996,17.201433025,8.064105500000007,2,S_149998854
S_149998854,breakwaterd,5000,0.0,True,55252us,2ms,10ms,False,10ms,10ms,True,0,0.0,True,1526,100us,5000us,20,0.0,True,step,11406us,1,10.0,0.05,breakwaterd,83925us,0.01,False,32900us,10569us,3542.1009946081404,3542.1009946081404,222.63817793999985,199.651198225,147.49989950000003,51.14139148510992,51.14139148510992,1.324325160000278,1.6421720250000291,0.8523554999999945,2,S_149998854
S_149998854,breakwaterd,6000,0.0,True,55252us,2ms,10ms,False,10ms,10ms,True,0,0.0,True,1526,100us,5000us,20,0.0,True,step,11406us,1,10.0,0.05,breakwaterd,83925us,0.01,False,32900us,10569us,3371.388832152796,3371.388832152796,266.887602355,215.45819475,152.60134449999998,16.25095169645101,16.25095169645101,51.30558335499999,30.98338675000001,23.679464499999995,2,S_149998854
S_149998854,breakwaterd,7000,0.0,True,55252us,2ms,10ms,False,10ms,10ms,True,0,0.0,True,1526,100us,5000us,20,0.0,True,step,11406us,1,10.0,0.05,breakwaterd,83925us,0.01,False,32900us,10569us,3150.393119608344,3150.393119608344,275.546984305,234.1551879,154.77477475,228.5628128743282,228.5628128743282,27.984314904999955,32.78590890000001,17.296280749999994,2,S_149998854
S_149998854,breakwaterd,8000,0.0,True,55252us,2ms,10ms,False,10ms,10ms,True,0,0.0,True,1526,100us,5000us,20,0.0,True,step,11406us,1,10.0,0.05,breakwaterd,83925us,0.01,False,32900us,10569us,2936.871453993611,2936.871453993611,264.760432025,223.30841905,146.07153375,32.14901761380372,32.14901761380372,1.1750729550000187,0.6939820499999882,12.748378749999992,2,S_149998854
S_149998854,breakwaterd,9000,0.0,True,55252us,2ms,10ms,False,10ms,10ms,True,0,0.0,True,1526,100us,5000us,20,0.0,True,step,11406us,1,10.0,0.05,breakwaterd,83925us,0.01,False,32900us,10569us,2934.659195718264,2934.659195718264,223.31318643,189.81789175,143.175458375,1464.0335876054426,1464.0335876054426,39.20380940147844,34.976624846398835,15.7464383864638,4,S_149998854
S_149998854,breakwaterd,10000,0.0,True,55252us,2ms,10ms,False,10ms,10ms,True,0,0.0,True,1526,100us,5000us,20,0.0,True,step,11406us,1,10.0,0.05,breakwaterd,83925us,0.01,False,32900us,10569us,2660.8566826175165,2660.8566826175165,228.76057199,196.0643901,132.145636,12.498778516479774,12.498778516479774,3.48606743000002,2.526968100000005,1.6521630000000016,2,S_149998854
S_149998854,breakwaterd,11000,0.0,True,55252us,2ms,10ms,False,10ms,10ms,True,0,0.0,True,1526,100us,5000us,20,0.0,True,step,11406us,1,10.0,0.05,breakwaterd,83925us,0.01,False,32900us,10569us,1251.4625901160562,1251.4625901160562,289.399862065,244.7574499499999,155.13827025,1211.9238069169337,1211.9238069169337,63.20165752499999,46.435756349999984,23.899703250000016,2,S_149998854
S_149998854,breakwaterd,12000,0.0,True,55252us,2ms,10ms,False,10ms,10ms,True,0,0.0,True,1526,100us,5000us,20,0.0,True,step,11406us,1,10.0,0.05,breakwaterd,83925us,0.01,False,32900us,10569us,3260.7907514168405,3260.7907514168405,266.3890968800001,222.16706285,153.648866,611.2465654547823,611.2465654547823,2.4795130199999136,3.743555349999987,20.736775000000016,2,S_149998854
S_149998854,breakwaterd,13000,0.0,True,55252us,2ms,10ms,False,10ms,10ms,True,0,0.0,True,1526,100us,5000us,20,0.0,True,step,11406us,1,10.0,0.05,breakwaterd,83925us,0.01,False,32900us,10569us,3503.9499219413137,3503.9499219413137,253.85824352500003,222.0179498,162.92104325000005,252.58933415085824,252.58933415085824,11.257491674999976,2.853731300000021,5.07327974999999,2,S_149998854
S_149998854,breakwaterd,14000,0.0,True,55252us,2ms,10ms,False,10ms,10ms,True,0,0.0,True,1526,100us,5000us,20,0.0,True,step,11406us,1,10.0,0.05,breakwaterd,83925us,0.01,False,32900us,10569us,3454.812102192258,3454.812102192258,263.857818995,238.441152125,162.480458,226.50977878212063,226.50977878212063,4.285778895000007,0.3652441249999683,4.178060000000009,2,S_149998854
S_149998854,breakwaterd,15000,0.0,True,55252us,2ms,10ms,False,10ms,10ms,True,0,0.0,True,1526,100us,5000us,20,0.0,True,step,11406us,1,10.0,0.05,breakwaterd,83925us,0.01,False,32900us,10569us,3167.353787106801,3167.353787106801,269.823316085,233.183663,158.86925875,559.1971646328343,559.1971646328343,0.3566349150000434,2.615522800000008,7.130584749999997,2,S_149998854
S_149998854,dagor,1000,0.02,True,12500us,6193us,10ms,False,3806us,10ms,True,0,0.001,True,400,100us,10ms,9,0.001,True,step,1000us,400,0.02,1.189880849637384,dagor,10ms,2.0144790634632894,False,12500us,1000us,1005.8035708284268,1005.8035708284268,118.13853047333332,115.65553348333331,113.15143733333332,4.770176538815399,4.770176538815399,0.4069977139441831,0.212957943538336,0.044881076467578,3,S_149998854
S_149998854,dagor,2000,0.02,True,12500us,6193us,10ms,False,3806us,10ms,True,0,0.001,True,400,100us,10ms,9,0.001,True,step,1000us,400,0.02,1.189880849637384,dagor,10ms,2.0144790634632894,False,12500us,1000us,1993.4451832701604,1993.4451832701604,122.01857411333332,118.3540615,113.27526283333331,2.8087063905818432,2.8087063905818432,0.6564173278469939,0.3052710303506136,0.0238088318008736,3,S_149998854
S_149998854,dagor,3000,0.02,True,12500us,6193us,10ms,False,3806us,10ms,True,0,0.001,True,400,100us,10ms,9,0.001,True,step,1000us,400,0.02,1.189880849637384,dagor,10ms,2.0144790634632894,False,12500us,1000us,2906.3918944111,2906.3918944111,135.66070206666666,128.52273476666667,117.7094725,2.783430530345301,2.783430530345301,0.2048651011266018,0.2577364450626236,0.1581408731906479,3,S_149998854
S_149998854,dagor,4000,0.02,True,12500us,6193us,10ms,False,3806us,10ms,True,0,0.001,True,400,100us,10ms,9,0.001,True,step,1000us,400,0.02,1.189880849637384,dagor,10ms,2.0144790634632894,False,12500us,1000us,3483.75009989453,3483.75009989453,164.30314985999996,151.04984013333333,129.411855,14.457682027806834,14.457682027806834,2.963350996054482,1.4712068429155625,0.4433193786855666,3,S_149998854
S_149998854,dagor,5000,0.02,True,12500us,6193us,10ms,False,3806us,10ms,True,0,0.001,True,400,100us,10ms,9,0.001,True,step,1000us,400,0.02,1.189880849637384,dagor,10ms,2.0144790634632894,False,12500us,1000us,3453.9540076598914,3453.9540076598914,213.93583032,191.45827815,151.7075125,18.689408120969688,18.689408120969688,5.114396679999999,2.620469249999992,0.3860364999999959,2,S_149998854
S_149998854,dagor,6000,0.02,True,12500us,6193us,10ms,False,3806us,10ms,True,0,0.001,True,400,100us,10ms,9,0.001,True,step,1000us,400,0.02,1.189880849637384,dagor,10ms,2.0144790634632894,False,12500us,1000us,3273.6725947042564,3273.6725947042564,289.8744039199999,246.53635181666672,178.932328,99.80344026340836,99.80344026340836,17.818810696199183,10.712936790954306,1.8948948297586432,3,S_149998854
S_149998854,dagor,7000,0.02,True,12500us,6193us,10ms,False,3806us,10ms,True,0,0.001,True,400,100us,10ms,9,0.001,True,step,1000us,400,0.02,1.189880849637384,dagor,10ms,2.0144790634632894,False,12500us,1000us,3165.078083972768,3165.078083972768,358.1547974666664,303.43868126666666,212.804185,52.79553155902613,52.79553155902613,11.489767619300224,4.933902249749665,0.6216966138254212,3,S_149998854
S_149998854,dagor,8000,0.02,True,12500us,6193us,10ms,False,3806us,10ms,True,0,0.001,True,400,100us,10ms,9,0.001,True,step,1000us,400,0.02,1.189880849637384,dagor,10ms,2.0144790634632894,False,12500us,1000us,2928.056198161926,2927.440228141836,444.5461678533333,380.0184455333333,251.4160833333333,44.8504004607916,44.55368101548487,24.40122787674626,21.842846819294348,9.508650417399735,3,S_149998854
S_149998854,dagor,9000,0.02,True,12500us,6193us,10ms,False,3806us,10ms,True,0,0.001,True,400,100us,10ms,9,0.001,True,step,1000us,400,0.02,1.189880849637384,dagor,10ms,2.0144790634632894,False,12500us,1000us,2747.51728509292,2745.1358832900205,500.6485538866668,434.90285595,278.0453821666667,17.355718488906227,18.02133992999875,8.267571342454032,8.296016688790148,1.8402121611049072,3,S_149998854
S_149998854,dagor,10000,0.02,True,12500us,6193us,10ms,False,3806us,10ms,True,0,0.001,True,400,100us,10ms,9,0.001,True,step,1000us,400,0.02,1.189880849637384,dagor,10ms,2.0144790634632894,False,12500us,1000us,2676.40894202572,2616.511015000667,609.0500196124997,517.5552509125,324.264099375,69.01227043467951,127.23390343584823,83.7713712068846,56.35225747964974,4.417724095878793,4,S_149998854
S_149998854,dagor,11000,0.02,True,12500us,6193us,10ms,False,3806us,10ms,True,0,0.001,True,400,100us,10ms,9,0.001,True,step,1000us,400,0.02,1.189880849637384,dagor,10ms,2.0144790634632894,False,12500us,1000us,2670.185507177089,2636.414337546503,591.4053412533334,506.38385166666666,321.9012668333333,62.55518085196729,83.59773224304544,39.82976449617031,24.143928762750527,5.66757536647715,3,S_149998854
S_149998854,dagor,12000,0.02,True,12500us,6193us,10ms,False,3806us,10ms,True,0,0.001,True,400,100us,10ms,9,0.001,True,step,1000us,400,0.02,1.189880849637384,dagor,10ms,2.0144790634632894,False,12500us,1000us,2583.846350503361,2351.79893646712,741.7393426433333,627.2756099166667,387.6103755,24.786135620562288,119.43126121338156,109.1577489990758,47.64861373065946,29.54263213822176,3,S_149998854
S_149998854,dagor,13000,0.02,True,12500us,6193us,10ms,False,3806us,10ms,True,0,0.001,True,400,100us,10ms,9,0.001,True,step,1000us,400,0.02,1.189880849637384,dagor,10ms,2.0144790634632894,False,12500us,1000us,2532.387581160626,2138.7988665175685,780.254699305,677.0945511749999,421.4451435,84.07953063751972,142.0543340375002,14.234464944999983,11.536656575000166,3.2487564999999705,2,S_149998854
S_149998854,dagor,14000,0.02,True,12500us,6193us,10ms,False,3806us,10ms,True,0,0.001,True,400,100us,10ms,9,0.001,True,step,1000us,400,0.02,1.189880849637384,dagor,10ms,2.0144790634632894,False,12500us,1000us,2615.025526204377,1944.972385807391,898.6080058966668,773.9101516166666,448.5399383333333,100.21359418910936,75.58999027259618,19.627331337511816,17.320893650474737,20.89321079098283,3,S_149998854
S_149998854,dagor,15000,0.02,True,12500us,6193us,10ms,False,3806us,10ms,True,0,0.001,True,400,100us,10ms,9,0.001,True,step,1000us,400,0.02,1.189880849637384,dagor,10ms,2.0144790634632894,False,12500us,1000us,2454.383098597781,1814.6751087608611,874.22688429,754.3102954249999,486.59912325,93.969515012216,200.22429128554336,40.70944075000003,26.777161975000126,22.250871749999988,2,S_149998854
S_161142529,breakwater,1000,0.02,True,12500us,2ms,10ms,False,10ms,10ms,True,0,8.34044009405148,True,400,100us,0us,20,0.001,True,step,1000us,605,1.4406489868843162,0.05,breakwater,10ms,0.01,False,1937us,2935us,23.272967487907067,23.272967487907067,73.79048531333333,73.07514166666667,71.78988333333334,1.301448198654256,1.301448198654256,0.3304729169914674,0.0563829106980346,0.1465870290335675,3,S_161142529
S_161142529,breakwater,2000,0.02,True,12500us,2ms,10ms,False,10ms,10ms,True,0,8.34044009405148,True,400,100us,0us,20,0.001,True,step,1000us,605,1.4406489868843162,0.05,breakwater,10ms,0.01,False,1937us,2935us,219.4449636893064,219.4449636893064,74.47586774666667,72.7686105,70.78600333333334,9.07566850337709,9.07566850337709,0.3958875823482166,0.1269074088952514,0.0506274504021535,3,S_161142529
S_161142529,breakwater,3000,0.02,True,12500us,2ms,10ms,False,10ms,10ms,True,0,8.34044009405148,True,400,100us,0us,20,0.001,True,step,1000us,605,1.4406489868843162,0.05,breakwater,10ms,0.01,False,1937us,2935us,706.9415724519237,706.9415724519237,73.51995952,71.7232727,69.25875533333334,44.71641093005784,44.71641093005784,0.2175416373066719,0.1230834240404675,0.133987031721568,3,S_161142529
S_161142529,breakwater,4000,0.02,True,12500us,2ms,10ms,False,10ms,10ms,True,0,8.34044009405148,True,400,100us,0us,20,0.001,True,step,1000us,605,1.4406489868843162,0.05,breakwater,10ms,0.01,False,1937us,2935us,1095.2642648799583,1095.2642648799583,76.26708937333335,72.91180955,68.89710833333334,54.21325699546532,54.21325699546532,0.5308700383318147,0.2582796326767037,0.0526800417130532,3,S_161142529
S_161142529,breakwater,5000,0.02,True,12500us,2ms,10ms,False,10ms,10ms,True,0,8.34044009405148,True,400,100us,0us,20,0.001,True,step,1000us,605,1.4406489868843162,0.05,breakwater,10ms,0.01,False,1937us,2935us,1603.96061470645,1603.96061470645,78.49790564999999,74.24548324999999,68.5979005,43.138422140785565,43.138422140785565,1.146693208114408,0.4314526056518615,0.0101968005357854,3,S_161142529
S_161142529,breakwater,6000,0.02,True,12500us,2ms,10ms,False,10ms,10ms,True,0,8.34044009405148,True,400,100us,0us,20,0.001,True,step,1000us,605,1.4406489868843162,0.05,breakwater,10ms,0.01,False,1937us,2935us,2212.761232947699,2212.761232947699,80.22540397999997,75.62773184999999,68.68118299999999,50.55362096522028,50.55362096522028,0.7309193148535705,0.2150631874352796,0.0606134879915344,3,S_161142529
S_161142529,breakwater,7000,0.02,True,12500us,2ms,10ms,False,10ms,10ms,True,0,8.34044009405148,True,400,100us,0us,20,0.001,True,step,1000us,605,1.4406489868843162,0.05,breakwater,10ms,0.01,False,1937us,2935us,3066.552041961384,3066.552041961384,85.56161977,79.26199678333332,69.62919233333334,93.85380975833895,93.85380975833895,2.660839790406877,1.4166311613087916,0.2375822378634842,3,S_161142529
S_161142529,breakwater,8000,0.02,True,12500us,2ms,10ms,False,10ms,10ms,True,0,8.34044009405148,True,400,100us,0us,20,0.001,True,step,1000us,605,1.4406489868843162,0.05,breakwater,10ms,0.01,False,1937us,2935us,3648.9908874138114,3648.9908874138114,93.92048913666666,84.53726701666666,71.58736383333333,172.59855007743732,172.59855007743732,3.8461145006422575,2.1302346343289336,0.697764376487788,3,S_161142529
S_161142529,breakwater,9000,0.02,True,12500us,2ms,10ms,False,10ms,10ms,True,0,8.34044009405148,True,400,100us,0us,20,0.001,True,step,1000us,605,1.4406489868843162,0.05,breakwater,10ms,0.01,False,1937us,2935us,4876.364249269384,4876.364249269384,123.13371959,105.93060638333334,79.04645866666667,161.91221455942525,161.91221455942525,5.636086025928555,3.812689381981187,0.9716362182978836,3,S_161142529
S_161142529,breakwater,10000,0.02,True,12500us,2ms,10ms,False,10ms,10ms,True,0,8.34044009405148,True,400,100us,0us,20,0.001,True,step,1000us,605,1.4406489868843162,0.05,breakwater,10ms,0.01,False,1937us,2935us,5770.421637155545,5770.421637155545,172.09068691666667,142.74769463333328,94.56622133333332,95.8871026571208,95.8871026571208,11.048705073766511,8.578365386040904,3.678897464608942,3,S_161142529
S_161142529,breakwater,11000,0.02,True,12500us,2ms,10ms,False,10ms,10ms,True,0,8.34044009405148,True,400,100us,0us,20,0.001,True,step,1000us,605,1.4406489868843162,0.05,breakwater,10ms,0.01,False,1937us,2935us,6067.953481369009,6067.953481369009,215.07563062333332,174.26431703333333,105.87249966666668,225.40987343895435,225.40987343895435,22.88092782157969,13.776065575341528,5.600042142524428,3,S_161142529
S_161142529,breakwater,12000,0.02,True,12500us,2ms,10ms,False,10ms,10ms,True,0,8.34044009405148,True,400,100us,0us,20,0.001,True,step,1000us,605,1.4406489868843162,0.05,breakwater,10ms,0.01,False,1937us,2935us,6692.681127091919,6636.421066383926,335.20363247399973,259.06317194,147.0438057,207.42298137940395,168.19430281361497,50.56468178471275,39.53430665562084,15.45950460986822,5,S_161142529
S_161142529,breakwater,13000,0.02,True,12500us,2ms,10ms,False,10ms,10ms,True,0,8.34044009405148,True,400,100us,0us,20,0.001,True,step,1000us,605,1.4406489868843162,0.05,breakwater,10ms,0.01,False,1937us,2935us,6871.66826720395,6514.6474941678125,469.34213197666674,361.88150375,161.07748616666666,122.1741487977199,130.55901208924217,129.8139926330667,69.8376274917213,13.77954342558227,3,S_161142529
S_161142529,breakwater,14000,0.02,True,12500us,2ms,10ms,False,10ms,10ms,True,0,8.34044009405148,True,400,100us,0us,20,0.001,True,step,1000us,605,1.4406489868843162,0.05,breakwater,10ms,0.01,False,1937us,2935us,7013.96176119778,6552.11699220947,475.38254279666654,369.7409634499998,186.0511981666667,283.0382576721701,286.32184705394207,19.226689151308584,19.161374002018785,16.945182129330014,3,S_161142529
S_161142529,breakwater,15000,0.02,True,12500us,2ms,10ms,False,10ms,10ms,True,0,8.34044009405148,True,400,100us,0us,20,0.001,True,step,1000us,605,1.4406489868843162,0.05,breakwater,10ms,0.01,False,1937us,2935us,7631.379003794533,6345.555581373269,640.3627836033334,533.9071146666666,200.9905268333333,306.00912809910204,290.5473568233372,110.85012737330732,102.92540586165414,9.709278991718964,3,S_161142529
S_161142529,breakwater,16000,0.02,True,12500us,2ms,10ms,False,10ms,10ms,True,0,8.34044009405148,True,400,100us,0us,20,0.001,True,step,1000us,605,1.4406489868843162,0.05,breakwater,10ms,0.01,False,1937us,2935us,7878.683741148922,6035.721464470651,868.342048395,734.3758622749999,212.41932625,55.17710424124198,637.929801805042,106.21336449499984,132.13546177499992,5.75528624999999,2,S_161142529
S_161142529,breakwaterd,1000,4.211076250050522,True,32086us,2ms,10ms,False,10ms,10ms,True,0,26.29167456888115,True,2666,100us,426us,20,0.983468338330501,True,step,14145us,16,8.946066635038473,0.05,breakwaterd,96210us,0.01,False,45125us,3396us,770.6338051824387,770.6338051824387,73.16836407666666,71.45971035,68.95113333333335,74.30311266336516,74.30311266336516,0.5026256566909001,0.3060219922048373,0.1554520822683167,3,S_161142529
S_161142529,breakwaterd,2000,4.211076250050522,True,32086us,2ms,10ms,False,10ms,10ms,True,0,26.29167456888115,True,2666,100us,426us,20,0.983468338330501,True,step,14145us,16,8.946066635038473,0.05,breakwaterd,96210us,0.01,False,45125us,3396us,1658.3707436607865,1658.3707436607865,73.60465372666665,71.37145503333333,68.2937745,36.26967176168969,36.26967176168969,0.4195106375263266,0.2351768766533337,0.1326015834677957,3,S_161142529
S_161142529,breakwaterd,3000,4.211076250050522,True,32086us,2ms,10ms,False,10ms,10ms,True,0,26.29167456888115,True,2666,100us,426us,20,0.983468338330501,True,step,14145us,16,8.946066635038473,0.05,breakwaterd,96210us,0.01,False,45125us,3396us,2507.3794166692583,2507.3794166692583,78.63283580666666,74.69723043333333,69.36468633333334,34.72112917938357,34.72112917938357,0.5967857481333239,0.246579668535511,0.0612111529725002,3,S_161142529
S_161142529,breakwaterd,4000,4.211076250050522,True,32086us,2ms,10ms,False,10ms,10ms,True,0,26.29167456888115,True,2666,100us,426us,20,0.983468338330501,True,step,14145us,16,8.946066635038473,0.05,breakwaterd,96210us,0.01,False,45125us,3396us,3003.000542404097,3003.000542404097,85.70248331333333,80.15284118333334,71.84984333333334,305.28890514166426,305.28890514166426,0.7954838508246633,0.900634114374062,0.5402770333290975,3,S_161142529
S_161142529,breakwaterd,5000,4.211076250050522,True,32086us,2ms,10ms,False,10ms,10ms,True,0,26.29167456888115,True,2666,100us,426us,20,0.983468338330501,True,step,14145us,16,8.946066635038473,0.05,breakwaterd,96210us,0.01,False,45125us,3396us,4108.234336092677,4108.234336092677,108.75173859333334,95.62722978333332,77.8130505,301.23197344213025,301.23197344213025,10.534949774775264,6.83827950961684,2.806741608371913,3,S_161142529
S_161142529,breakwaterd,6000,4.211076250050522,True,32086us,2ms,10ms,False,10ms,10ms,True,0,26.29167456888115,True,2666,100us,426us,20,0.983468338330501,True,step,14145us,16,8.946066635038473,0.05,breakwaterd,96210us,0.01,False,45125us,3396us,4927.902060921495,4927.902060921495,147.39596825000004,125.77009628333332,90.94781066666668,85.93856344379267,85.93856344379267,11.426529779677953,9.288782068398604,4.924714543375505,3,S_161142529
S_161142529,breakwaterd,7000,4.211076250050522,True,32086us,2ms,10ms,False,10ms,10ms,True,0,26.29167456888115,True,2666,100us,426us,20,0.983468338330501,True,step,14145us,16,8.946066635038473,0.05,breakwaterd,96210us,0.01,False,45125us,3396us,5262.541293291799,5262.541293291799,186.27328998,151.80955629999997,104.52704566666668,474.0040852462799,474.0040852462799,19.73970392041035,17.361081238196494,11.880495831779964,3,S_161142529
S_161142529,breakwaterd,8000,4.211076250050522,True,32086us,2ms,10ms,False,10ms,10ms,True,0,26.29167456888115,True,2666,100us,426us,20,0.983468338330501,True,step,14145us,16,8.946066635038473,0.05,breakwaterd,96210us,0.01,False,45125us,3396us,2826.9600927801257,2805.676875236335,267.8998063833332,235.2080397333333,171.24363533333334,2194.602677670834,2200.6548831215327,85.16560898710894,75.30278981213976,41.50750092004933,3,S_161142529
S_161142529,breakwaterd,9000,4.211076250050522,True,32086us,2ms,10ms,False,10ms,10ms,True,0,26.29167456888115,True,2666,100us,426us,20,0.983468338330501,True,step,14145us,16,8.946066635038473,0.05,breakwaterd,96210us,0.01,False,45125us,3396us,5986.483641632952,5843.998101446329,413.01186636666654,315.56536993333333,208.42266966666668,64.78983844736074,29.987837979190985,56.35400759185842,20.907167392939414,23.20153232852028,3,S_161142529
S_161142529,breakwaterd,10000,4.211076250050522,True,32086us,2ms,10ms,False,10ms,10ms,True,0,26.29167456888115,True,2666,100us,426us,20,0.983468338330501,True,step,14145us,16,8.946066635038473,0.05,breakwaterd,96210us,0.01,False,45125us,3396us,4784.564936790536,4480.06402368819,444.85788070749976,367.308160425,224.646898125,2392.481044257964,2247.7408610848192,42.7189553103039,34.73184977036947,16.715978119821404,5,S_161142529
S_161142529,breakwaterd,11000,4.211076250050522,True,32086us,2ms,10ms,False,10ms,10ms,True,0,26.29167456888115,True,2666,100us,426us,20,0.983468338330501,True,step,14145us,16,8.946066635038473,0.05,breakwaterd,96210us,0.01,False,45125us,3396us,4360.4296307742725,4143.187881689141,411.0539464166665,368.65827136666667,235.62528766666665,2312.331494610691,2385.5771071682075,42.75761778639154,50.85204561590356,29.396590105903,3,S_161142529
S_161142529,breakwaterd,12000,4.211076250050522,True,32086us,2ms,10ms,False,10ms,10ms,True,0,26.29167456888115,True,2666,100us,426us,20,0.983468338330501,True,step,14145us,16,8.946066635038473,0.05,breakwaterd,96210us,0.01,False,45125us,3396us,4658.433862774453,4296.59511270988,421.4484885619997,351.56408818,237.294993,2322.956128877264,2163.4240741435647,78.3530947159288,59.43111494963153,21.8780293393912,5,S_161142529
S_161142529,breakwaterd,13000,4.211076250050522,True,32086us,2ms,10ms,False,10ms,10ms,True,0,26.29167456888115,True,2666,100us,426us,20,0.983468338330501,True,step,14145us,16,8.946066635038473,0.05,breakwaterd,96210us,0.01,False,45125us,3396us,4099.106073494181,3816.26878974325,368.4772720533333,320.5552971833333,208.295173,2889.847027334058,2689.4411939902047,94.47694753367718,72.23622531525962,43.97453831343963,3,S_161142529
S_161142529,breakwaterd,14000,4.211076250050522,True,32086us,2ms,10ms,False,10ms,10ms,True,0,26.29167456888115,True,2666,100us,426us,20,0.983468338330501,True,step,14145us,16,8.946066635038473,0.05,breakwaterd,96210us,0.01,False,45125us,3396us,5284.936775004359,4468.185073876474,510.8262704566666,434.0472809666667,257.1635156666667,1250.8394474822787,1153.6721618686024,57.976558489149866,32.795246298003484,8.793800497355102,3,S_161142529
S_161142529,breakwaterd,15000,4.211076250050522,True,32086us,2ms,10ms,False,10ms,10ms,True,0,26.29167456888115,True,2666,100us,426us,20,0.983468338330501,True,step,14145us,16,8.946066635038473,0.05,breakwaterd,96210us,0.01,False,45125us,3396us,5753.563119185111,5115.735741045869,539.5134010433333,422.69333473333336,247.7971865,180.3630730651993,283.4568369538193,42.66587799882227,26.134816916590378,14.722480437243927,3,S_161142529
S_161142529,breakwaterd,16000,4.211076250050522,True,32086us,2ms,10ms,False,10ms,10ms,True,0,26.29167456888115,True,2666,100us,426us,20,0.983468338330501,True,step,14145us,16,8.946066635038473,0.05,breakwaterd,96210us,0.01,False,45125us,3396us,6049.783127703714,5353.003359476903,590.9013503299997,448.7604348499999,246.61036,16.53054679230081,159.347953233432,23.750045150000343,29.53223255000017,18.690679999999997,2,S_161142529
S_161142529,charon,1000,0.02,True,12500us,2ms,1530us,True,10ms,22754us,True,126,0.001,True,400,20626us,10ms,20,0.001,True,proportional,1000us,400,0.02,0.05,charon,10ms,0.01,False,12500us,1000us,997.3453048847504,997.3453048847504,71.47744805,70.12278653333333,68.18168483333334,0.467493648077592,0.467493648077592,0.0489289642518974,0.0895966123063586,0.0602406783830942,3,S_161142529
S_161142529,charon,2000,0.02,True,12500us,2ms,1530us,True,10ms,22754us,True,126,0.001,True,400,20626us,10ms,20,0.001,True,proportional,1000us,400,0.02,0.05,charon,10ms,0.01,False,12500us,1000us,1993.460718866334,1993.460718866334,72.70472289666667,70.07769954999999,67.4132445,0.2731711011079014,0.2731711011079014,0.706151693097286,0.2869970992566142,0.1248906347816547,3,S_161142529
S_161142529,charon,3000,0.02,True,12500us,2ms,1530us,True,10ms,22754us,True,126,0.001,True,400,20626us,10ms,20,0.001,True,proportional,1000us,400,0.02,0.05,charon,10ms,0.01,False,12500us,1000us,2992.144015252537,2992.144015252537,75.74380343,71.87236856666667,67.70549966666665,0.2199807002444577,0.2199807002444577,0.8008927736990552,0.2538058145622969,0.1530858276944334,3,S_161142529
S_161142529,charon,4000,0.02,True,12500us,2ms,1530us,True,10ms,22754us,True,126,0.001,True,400,20626us,10ms,20,0.001,True,proportional,1000us,400,0.02,0.05,charon,10ms,0.01,False,12500us,1000us,3990.7067292923966,3990.7067292923966,82.13836755666665,76.36244445,69.44173066666667,1.2722918624008708,1.2722918624008708,2.78496879216646,1.704176384665712,0.7855390624399614,3,S_161142529
S_161142529,charon,5000,0.02,True,12500us,2ms,1530us,True,10ms,22754us,True,126,0.001,True,400,20626us,10ms,20,0.001,True,proportional,1000us,400,0.02,0.05,charon,10ms,0.01,False,12500us,1000us,4988.552701137563,4988.552701137563,95.39901943000002,85.99874266666666,73.69108816666666,2.4797591914159427,2.4797591914159427,1.3912455730594018,1.5249282185927615,0.7506082323674024,3,S_161142529
S_161142529,charon,6000,0.02,True,12500us,2ms,1530us,True,10ms,22754us,True,126,0.001,True,400,20626us,10ms,20,0.001,True,proportional,1000us,400,0.02,0.05,charon,10ms,0.01,False,12500us,1000us,5969.105231878236,5969.105231878236,138.27024526666665,118.3758771333333,88.17708066666667,11.914347033233517,11.914347033233517,5.229273163296719,1.3074309755376623,0.584832476052951,3,S_161142529
S_161142529,charon,7000,0.02,True,12500us,2ms,1530us,True,10ms,22754us,True,126,0.001,True,400,20626us,10ms,20,0.001,True,proportional,1000us,400,0.02,0.05,charon,10ms,0.01,False,12500us,1000us,6965.182107182791,6965.113576840314,230.11934266333336,187.1998356,122.25200283333334,9.693740416872012,9.648077433769574,17.216383523609956,7.096596714135768,2.4664590457621025,3,S_161142529
S_161142529,charon,8000,0.02,True,12500us,2ms,1530us,True,10ms,22754us,True,126,0.001,True,400,20626us,10ms,20,0.001,True,proportional,1000us,400,0.02,0.05,charon,10ms,0.01,False,12500us,1000us,6191.577085435002,6185.130771987394,294.7605948166667,177.8985220666666,95.27225166666666,654.7605318953547,652.8338892333078,10.032718271470358,20.447935495753278,18.784097076666747,3,S_161142529
S_161142529,charon,9000,0.02,True,12500us,2ms,1530us,True,10ms,22754us,True,126,0.001,True,400,20626us,10ms,20,0.001,True,proportional,1000us,400,0.02,0.05,charon,10ms,0.01,False,12500us,1000us,6963.654482727819,6914.557202228487,337.4922841433333,246.5048446833333,133.669518,495.4773423847989,513.0311126999896,34.71788073286364,28.228404458053674,29.74135764188568,3,S_161142529
S_161142529,charon,10000,0.02,True,12500us,2ms,1530us,True,10ms,22754us,True,126,0.001,True,400,20626us,10ms,20,0.001,True,proportional,1000us,400,0.02,0.05,charon,10ms,0.01,False,12500us,1000us,7002.63725884975,6909.339404421903,362.8451861666667,303.47698196666664,144.89412466666667,606.7370565842451,618.1789636485788,20.11525609033747,9.651455400264688,33.19307858569791,3,S_161142529
S_161142529,charon,11000,0.02,True,12500us,2ms,1530us,True,10ms,22754us,True,126,0.001,True,400,20626us,10ms,20,0.001,True,proportional,1000us,400,0.02,0.05,charon,10ms,0.01,False,12500us,1000us,4646.944548253347,4421.916511589183,457.82256329000006,309.21351961666664,81.27979783333333,460.4510120591586,364.6281451021342,44.21593910364342,94.17197791557628,3.135813558782323,3,S_161142529
S_161142529,charon,12000,0.02,True,12500us,2ms,1530us,True,10ms,22754us,True,126,0.001,True,400,20626us,10ms,20,0.001,True,proportional,1000us,400,0.02,0.05,charon,10ms,0.01,False,12500us,1000us,6442.642381341107,6184.571668903789,424.325920384,346.7409444,127.7600133,1122.4823872727677,1203.2302157384288,52.20080788172283,39.50086974308525,30.507395284214297,5,S_161142529
S_161142529,charon,13000,0.02,True,12500us,2ms,1530us,True,10ms,22754us,True,126,0.001,True,400,20626us,10ms,20,0.001,True,proportional,1000us,400,0.02,0.05,charon,10ms,0.01,False,12500us,1000us,2508.234061888445,2321.306191132857,463.8057585533333,380.53796785,76.15130716666667,1450.9120697852002,1434.9329687343857,27.958888510937687,31.08808166989873,5.592268313819182,3,S_161142529
S_161142529,charon,14000,0.02,True,12500us,2ms,1530us,True,10ms,22754us,True,126,0.001,True,400,20626us,10ms,20,0.001,True,proportional,1000us,400,0.02,0.05,charon,10ms,0.01,False,12500us,1000us,3963.452624464352,3667.527542560514,500.0101729633332,397.67205071666666,95.88295866666664,1588.9825840142896,1493.6747617783997,37.08836714230378,17.22970224226545,17.646304162017717,3,S_161142529
S_161142529,charon,15000,0.02,True,12500us,2ms,1530us,True,10ms,22754us,True,126,0.001,True,400,20626us,10ms,20,0.001,True,proportional,1000us,400,0.02,0.05,charon,10ms,0.01,False,12500us,1000us,5795.924838734746,5299.554650966363,578.7671282533332,421.5310491166667,119.94491666666666,1130.1780622213394,922.6261546792338,12.230529292129008,64.29740978501297,16.635146899769882,3,S_161142529
S_161142529,charon,16000,0.02,True,12500us,2ms,1530us,True,10ms,22754us,True,126,0.001,True,400,20626us,10ms,20,0.001,True,proportional,1000us,400,0.02,0.05,charon,10ms,0.01,False,12500us,1000us,3703.776052735583,3297.9007421463666,509.24615969,433.80567339999976,83.93759025,2063.063296781199,1871.3955860179788,58.64653835999985,24.11452169999984,12.238342250000002,2,S_161142529
S_161142529,dagor,1000,0.02,True,12500us,6193us,10ms,False,3806us,10ms,True,0,0.001,True,400,100us,10ms,9,0.001,True,step,1000us,400,0.02,1.189880849637384,dagor,10ms,2.0144790634632894,False,12500us,1000us,1000.1222554172546,1000.1222554172546,72.20331818,70.46276786666667,68.36768866666667,0.280655244137573,0.280655244137573,0.4243204865324406,0.0367862207106936,0.0103735960683281,3,S_161142529
S_161142529,dagor,2000,0.02,True,12500us,6193us,10ms,False,3806us,10ms,True,0,0.001,True,400,100us,10ms,9,0.001,True,step,1000us,400,0.02,1.189880849637384,dagor,10ms,2.0144790634632894,False,12500us,1000us,1996.5920007795771,1996.5920007795771,72.61532250666666,70.48724706666667,67.68573333333335,2.015554403004043,2.015554403004043,0.3757609101532557,0.2965857589946479,0.1631329714932662,3,S_161142529
S_161142529,dagor,3000,0.02,True,12500us,6193us,10ms,False,3806us,10ms,True,0,0.001,True,400,100us,10ms,9,0.001,True,step,1000us,400,0.02,1.189880849637384,dagor,10ms,2.0144790634632894,False,12500us,1000us,2998.681768983852,2998.681768983852,77.13137121000001,73.02827848333332,68.45267266666667,1.3194902608037138,1.3194902608037138,0.5434555038352209,0.6743876280006315,0.3992676798759824,3,S_161142529
S_161142529,dagor,4000,0.02,True,12500us,6193us,10ms,False,3806us,10ms,True,0,0.001,True,400,100us,10ms,9,0.001,True,step,1000us,400,0.02,1.189880849637384,dagor,10ms,2.0144790634632894,False,12500us,1000us,3989.948441156764,3989.948441156764,86.09608431000001,80.19771320000001,71.48412925000001,4.840150753575017,4.840150753575017,0.0458647099999751,0.3857302000000011,0.8128082500000033,2,S_161142529
S_161142529,dagor,5000,0.02,True,12500us,6193us,10ms,False,3806us,10ms,True,0,0.001,True,400,100us,10ms,9,0.001,True,step,1000us,400,0.02,1.189880849637384,dagor,10ms,2.0144790634632894,False,12500us,1000us,4912.430922686806,4912.430922686806,113.31249264000002,100.533114125,81.1319925,33.75355968983536,33.75355968983536,4.955768210000006,2.5354242749999862,1.0294844999999953,2,S_161142529
S_161142529,dagor,6000,0.02,True,12500us,6193us,10ms,False,3806us,10ms,True,0,0.001,True,400,100us,10ms,9,0.001,True,step,1000us,400,0.02,1.189880849637384,dagor,10ms,2.0144790634632894,False,12500us,1000us,5319.41109554476,5319.41109554476,160.97061247000002,137.56277111666665,100.14072433333332,49.53815260966558,49.53815260966558,8.65482974081872,4.439277833385053,1.7223356538375598,3,S_161142529
S_161142529,dagor,7000,0.02,True,12500us,6193us,10ms,False,3806us,10ms,True,0,0.001,True,400,100us,10ms,9,0.001,True,step,1000us,400,0.02,1.189880849637384,dagor,10ms,2.0144790634632894,False,12500us,1000us,5444.123449886706,5444.123449886706,203.38873126,171.2676799333333,117.04323866666664,65.83284064719174,65.83284064719174,5.639985909454888,3.306448356065109,2.2658615855146342,3,S_161142529
S_161142529,dagor,8000,0.02,True,12500us,6193us,10ms,False,3806us,10ms,True,0,0.001,True,400,100us,10ms,9,0.001,True,step,1000us,400,0.02,1.189880849637384,dagor,10ms,2.0144790634632894,False,12500us,1000us,5443.307025895594,5437.282632351253,282.4770184866666,230.11609835,139.443339,175.77423625722795,183.94286165751765,20.095594035263613,7.466982936125085,1.4389563312213942,3,S_161142529
S_161142529,dagor,9000,0.02,True,12500us,6193us,10ms,False,3806us,10ms,True,0,0.001,True,400,100us,10ms,9,0.001,True,step,1000us,400,0.02,1.189880849637384,dagor,10ms,2.0144790634632894,False,12500us,1000us,5336.593503248051,5326.412147887536,304.47070654999993,256.208053225,157.579259,83.62993386486778,92.47163933978936,29.51333429000009,22.057634374999974,3.901939999999996,2,S_161142529
S_161142529,dagor,10000,0.02,True,12500us,6193us,10ms,False,3806us,10ms,True,0,0.001,True,400,100us,10ms,9,0.001,True,step,1000us,400,0.02,1.189880849637384,dagor,10ms,2.0144790634632894,False,12500us,1000us,5450.489022234639,5390.453645522293,348.0388316425,287.6192814,181.574934375,109.72497481743054,139.2979823868165,47.07791015526089,23.617751719733317,6.504785751874816,4,S_161142529
S_161142529,dagor,11000,0.02,True,12500us,6193us,10ms,False,3806us,10ms,True,0,0.001,True,400,100us,10ms,9,0.001,True,step,1000us,400,0.02,1.189880849637384,dagor,10ms,2.0144790634632894,False,12500us,1000us,5289.97317809223,5148.693387162741,384.2938789666666,327.84637621666656,198.1003783333333,109.01589554935973,117.2912239141993,20.75548557654761,15.979360793551043,2.33685515619123,3,S_161142529
S_161142529,dagor,12000,0.02,True,12500us,6193us,10ms,False,3806us,10ms,True,0,0.001,True,400,100us,10ms,9,0.001,True,step,1000us,400,0.02,1.189880849637384,dagor,10ms,2.0144790634632894,False,12500us,1000us,5206.291489904041,4845.437665923125,464.42550913333326,373.3005774999999,225.32965766666663,60.33197393152717,262.30823431600663,67.0996128979041,43.29418243928337,11.767255884131076,3,S_161142529
S_161142529,dagor,13000,0.02,True,12500us,6193us,10ms,False,3806us,10ms,True,0,0.001,True,400,100us,10ms,9,0.001,True,step,1000us,400,0.02,1.189880849637384,dagor,10ms,2.0144790634632894,False,12500us,1000us,5017.355791240965,3944.960164990565,511.40507377000006,449.098815125,277.17798225,59.46170870650235,302.9243235479271,43.50348412999995,40.818692125,3.490508250000005,2,S_161142529
S_161142529,dagor,14000,0.02,True,12500us,6193us,10ms,False,3806us,10ms,True,0,0.001,True,400,100us,10ms,9,0.001,True,step,1000us,400,0.02,1.189880849637384,dagor,10ms,2.0144790634632894,False,12500us,1000us,4998.403554959987,3703.774315764632,568.9094557199999,498.7059772,286.7159835,50.53285171765833,30.725796967429236,82.18627688000005,64.13808599999994,7.136550499999999,2,S_161142529
S_161142529,dagor,15000,0.02,True,12500us,6193us,10ms,False,3806us,10ms,True,0,0.001,True,400,100us,10ms,9,0.001,True,step,1000us,400,0.02,1.189880849637384,dagor,10ms,2.0144790634632894,False,12500us,1000us,5162.9947238144105,3634.596757507891,585.64814191,504.7013731,295.531557,137.5410203144313,53.96432325818989,10.369020949999909,19.47395479999996,6.445985000000007,2,S_161142529
S_161142529,dagor,16000,0.02,True,12500us,6193us,10ms,False,3806us,10ms,True,0,0.001,True,400,100us,10ms,9,0.001,True,step,1000us,400,0.02,1.189880849637384,dagor,10ms,2.0144790634632894,False,12500us,1000us,5152.498193579559,3562.777647250508,562.512801875,473.498911025,310.2967515,143.03630059051625,322.7235484786888,97.92953347500004,48.06089602499999,10.64418350000004,2,S_161142529
