interface,control_scheme,capacity,BREAKWATERD_B,RATE_LIMITING,BREAKWATERD_SLO,DAGOR_QUEUING_THRESHOLD,PRICE_UPDATE_RATE,LAZY_UPDATE,DAGOR_ADMISSION_LEVEL_UPDATE_INTERVAL,TOKEN_UPDATE_RATE,LOAD_SHEDDING,PRICE_STEP,BREAKWATER_A,BREAKWATER_LOAD_SHEDDING,BREAKWATERD_INITIAL_CREDIT,LATENCY_THRESHOLD,BREAKWATER_CLIENT_EXPIRATION,DAGOR_UMAX,BREAKWATERD_A,BREAKWATERD_LOAD_SHEDDING,PRICE_STRATEGY,BREAKWATERD_RTT,BREAKWATER_INITIAL_CREDIT,BREAKWATER_B,DAGOR_ALPHA,INTERCEPT,BREAKWATERD_CLIENT_EXPIRATION,DAGOR_BETA,CHARON_TRACK_PRICE,BREAKWATER_SLO,BREAKWATER_RTT,Throughput,Goodput,99th_percentile,95th_percentile,Median Latency,Throughput std,Goodput std,99th_percentile std,95th_percentile std,Median Latency std,file_count
S_102000854,breakwater,1000,0.02,True,12500us,2ms,10ms,False,10ms,10ms,True,0,0.2895180150248522,True,400,100us,82us,20,0.001,True,step,1000us,1776,1.2813105474595612,0.05,breakwater,10ms,0.01,False,4618us,18779us,761.9377142939119,683.5276903715499,284.101046526,274.10147941,220.58741049999998,262.37463268924057,378.1940761889049,368.28179283163985,365.65491998038874,309.2869034432204,5
S_102000854,breakwater,2000,0.02,True,12500us,2ms,10ms,False,10ms,10ms,True,0,0.2895180150248522,True,400,100us,82us,20,0.001,True,step,1000us,1776,1.2813105474595612,0.05,breakwater,10ms,0.01,False,4618us,18779us,1195.419262530226,1187.6111865949429,213.03381860333332,187.45931223333332,90.43894425,599.5018696164599,614.1047461903783,335.57568345140055,293.6137309631971,101.27188830436319,6
S_102000854,breakwater,3000,0.02,True,12500us,2ms,10ms,False,10ms,10ms,True,0,0.2895180150248522,True,400,100us,82us,20,0.001,True,step,1000us,1776,1.2813105474595612,0.05,breakwater,10ms,0.01,False,4618us,18779us,1342.9428836874574,1336.159419700116,387.1557234083335,249.7363464166665,59.47151391666667,1000.0062520410074,1000.2736778666582,361.9943834451665,286.31013597942655,12.830378202734437,6
S_102000854,breakwater,4000,0.02,True,12500us,2ms,10ms,False,10ms,10ms,True,0,0.2895180150248522,True,400,100us,82us,20,0.001,True,step,1000us,1776,1.2813105474595612,0.05,breakwater,10ms,0.01,False,4618us,18779us,1405.857662128166,1400.2301124551907,293.40324450200006,268.09175369999997,219.12622040000002,744.6127448722804,754.5566542896087,354.27472736398835,362.6660708872388,329.64881823486735,7
S_102000854,breakwater,5000,0.02,True,12500us,2ms,10ms,False,10ms,10ms,True,0,0.2895180150248522,True,400,100us,82us,20,0.001,True,step,1000us,1776,1.2813105474595612,0.05,breakwater,10ms,0.01,False,4618us,18779us,1588.716533854749,1551.6648261732819,397.957620315,349.3141312666666,103.44964525,1159.4767205314108,1149.4066477552344,317.3710754055617,303.4689347301125,49.42915798944858,8
S_102000854,breakwater,6000,0.02,True,12500us,2ms,10ms,False,10ms,10ms,True,0,0.2895180150248522,True,400,100us,82us,20,0.001,True,step,1000us,1776,1.2813105474595612,0.05,breakwater,10ms,0.01,False,4618us,18779us,1211.3728397852676,1108.8081358548068,483.3339221433334,413.271700725,121.90054116666666,1103.570161708282,998.277424995664,355.36399807302877,322.14998692051137,109.7375735504614,6
S_102000854,breakwater,7000,0.02,True,12500us,2ms,10ms,False,10ms,10ms,True,0,0.2895180150248522,True,400,100us,82us,20,0.001,True,step,1000us,1776,1.2813105474595612,0.05,breakwater,10ms,0.01,False,4618us,18779us,1526.821404854591,1185.1407907773141,637.356774016,564.0213500699999,128.3026044,1164.270248951141,947.8420880509123,298.0920315419246,296.53241638845986,59.405740282838174,6
S_102000854,breakwater,8000,0.02,True,12500us,2ms,10ms,False,10ms,10ms,True,0,0.2895180150248522,True,400,100us,82us,20,0.001,True,step,1000us,1776,1.2813105474595612,0.05,breakwater,10ms,0.01,False,4618us,18779us,1030.1540666357525,791.4496599174296,487.3034591600001,412.9409756125,237.76093974999998,670.1375390818863,677.2882657338686,375.78306391543435,335.33561461753715,270.36111498975333,4
S_102000854,breakwater,9000,0.02,True,12500us,2ms,10ms,False,10ms,10ms,True,0,0.2895180150248522,True,400,100us,82us,20,0.001,True,step,1000us,1776,1.2813105474595612,0.05,breakwater,10ms,0.01,False,4618us,18779us,1103.0155053035282,936.488685690867,536.0598971657143,421.71738934285685,116.2044855,803.9714333569625,663.2747432206414,289.8894068252858,229.54814647263154,55.42171050789687,8
S_102000854,breakwater,10000,0.02,True,12500us,2ms,10ms,False,10ms,10ms,True,0,0.2895180150248522,True,400,100us,82us,20,0.001,True,step,1000us,1776,1.2813105474595612,0.05,breakwater,10ms,0.01,False,4618us,18779us,940.2077290334536,551.6491950961898,948.5242808849996,729.3058753124992,208.873244625,700.8065419599068,440.2599040175405,144.9824764313071,201.22262508663164,82.42134644139837,5
S_102000854,breakwater,11000,0.02,True,12500us,2ms,10ms,False,10ms,10ms,True,0,0.2895180150248522,True,400,100us,82us,20,0.001,True,step,1000us,1776,1.2813105474595612,0.05,breakwater,10ms,0.01,False,4618us,18779us,1537.632062683017,984.8154328646287,790.9272363360008,566.22228406,159.5992521,778.460527627135,561.8430850434631,374.4583643950468,278.4867627508048,68.29810405899492,5
S_102000854,breakwater,12000,0.02,True,12500us,2ms,10ms,False,10ms,10ms,True,0,0.2895180150248522,True,400,100us,82us,20,0.001,True,step,1000us,1776,1.2813105474595612,0.05,breakwater,10ms,0.01,False,4618us,18779us,561.7360925044272,449.35366253586784,717.2329781266666,585.3343774499999,104.76628883333332,372.7547735983625,295.5819994580842,217.3967929090839,208.00295797176489,10.834208157251586,5
S_102000854,breakwaterd,1000,1.981014890848788,True,58462us,2ms,10ms,False,10ms,10ms,True,0,6.133567491945523,True,4841,100us,137us,20,1.4038693859523377,True,step,6955us,670,8.781174363909454,0.05,breakwaterd,82067us,0.01,False,28375us,8346us,602.4858558822564,602.4858558822564,49.322530130000004,45.741374125,41.681722625,41.44287371896006,41.44287371896006,1.3017287166441414,0.4712801412203684,0.0952535990667666,4
S_102000854,breakwaterd,2000,1.981014890848788,True,58462us,2ms,10ms,False,10ms,10ms,True,0,6.133567491945523,True,4841,100us,137us,20,1.4038693859523377,True,step,6955us,670,8.781174363909454,0.05,breakwaterd,82067us,0.01,False,28375us,8346us,447.5974028253252,370.08597351389443,388.6233329433333,376.08165825,310.6991675,151.64434496237746,261.26168884352273,430.1802510132111,431.53166080116654,375.2256899673015,3
S_102000854,breakwaterd,3000,1.981014890848788,True,58462us,2ms,10ms,False,10ms,10ms,True,0,6.133567491945523,True,4841,100us,137us,20,1.4038693859523377,True,step,6955us,670,8.781174363909454,0.05,breakwaterd,82067us,0.01,False,28375us,8346us,284.46639934241267,280.42525866090375,147.40345846749983,109.83827261249988,44.637074874999996,52.802484086507306,59.00318663219888,159.142340521068,107.27263379994842,4.005501487956053,4
S_102000854,breakwaterd,4000,1.981014890848788,True,58462us,2ms,10ms,False,10ms,10ms,True,0,6.133567491945523,True,4841,100us,137us,20,1.4038693859523377,True,step,6955us,670,8.781174363909454,0.05,breakwaterd,82067us,0.01,False,28375us,8346us,401.42257661814557,393.8918262236462,380.9499008833333,366.1310235833333,318.07920616666667,267.6132222824268,278.26225640573574,445.68361672751615,442.2848219740961,388.665450805651,3
S_102000854,breakwaterd,5000,1.981014890848788,True,58462us,2ms,10ms,False,10ms,10ms,True,0,6.133567491945523,True,4841,100us,137us,20,1.4038693859523377,True,step,6955us,670,8.781174363909454,0.05,breakwaterd,82067us,0.01,False,28375us,8346us,534.3158435763147,526.1140868410271,527.70640041,467.731099625,87.12203625,497.25605388353335,505.457810618821,445.82632669,402.30223062500005,40.538442249999996,2
S_102000854,breakwaterd,6000,1.981014890848788,True,58462us,2ms,10ms,False,10ms,10ms,True,0,6.133567491945523,True,4841,100us,137us,20,1.4038693859523377,True,step,6955us,670,8.781174363909454,0.05,breakwaterd,82067us,0.01,False,28375us,8346us,40.02822550089264,40.02822550089264,70.43534455999992,54.5014246,44.220587,0.0,0.0,0.0,0.0,0.0,2
S_102000854,breakwaterd,7000,1.981014890848788,True,58462us,2ms,10ms,False,10ms,10ms,True,0,6.133567491945523,True,4841,100us,137us,20,1.4038693859523377,True,step,6955us,670,8.781174363909454,0.05,breakwaterd,82067us,0.01,False,28375us,8346us,398.5284307178664,398.5284307178664,108.10146544499995,81.4744943,46.612844499999994,352.4833490409754,352.4833490409754,9.505582504999989,9.060396700000009,1.1361064999999986,3
S_102000854,breakwaterd,8000,1.981014890848788,True,58462us,2ms,10ms,False,10ms,10ms,True,0,6.133567491945523,True,4841,100us,137us,20,1.4038693859523377,True,step,6955us,670,8.781174363909454,0.05,breakwaterd,82067us,0.01,False,28375us,8346us,408.73505050185827,401.55579216180973,424.56677337,385.0266285999999,94.23163466666665,503.1565437842146,494.0242708900347,369.1627660233124,357.1151601726918,53.68498430167623,3
S_102000854,breakwaterd,9000,1.981014890848788,True,58462us,2ms,10ms,False,10ms,10ms,True,0,6.133567491945523,True,4841,100us,137us,20,1.4038693859523377,True,step,6955us,670,8.781174363909454,0.05,breakwaterd,82067us,0.01,False,28375us,8346us,17.468621987754496,4.618141445038544,1019.7948723300008,969.16437495,472.4584865,0.0,0.0,0.0,0.0,0.0,3
S_102000854,breakwaterd,10000,1.981014890848788,True,58462us,2ms,10ms,False,10ms,10ms,True,0,6.133567491945523,True,4841,100us,137us,20,1.4038693859523377,True,step,6955us,670,8.781174363909454,0.05,breakwaterd,82067us,0.01,False,28375us,8346us,218.47070953376937,188.85477779954527,211.50126008499984,149.84078227499995,63.313687625,341.1335870241031,290.2262534037446,118.17263368961346,81.43269836954977,21.44304071021121,4
S_102000854,breakwaterd,11000,1.981014890848788,True,58462us,2ms,10ms,False,10ms,10ms,True,0,6.133567491945523,True,4841,100us,137us,20,1.4038693859523377,True,step,6955us,670,8.781174363909454,0.05,breakwaterd,82067us,0.01,False,28375us,8346us,51.92810378037709,45.02156089594907,922.5667445749991,506.369773225,58.52712175,14.32331235770301,9.869255870405915,39.777443225000866,212.6693799750002,0.9327672499999977,3
S_102000854,breakwaterd,12000,1.981014890848788,True,58462us,2ms,10ms,False,10ms,10ms,True,0,6.133567491945523,True,4841,100us,137us,20,1.4038693859523377,True,step,6955us,670,8.781174363909454,0.05,breakwaterd,82067us,0.01,False,28375us,8346us,721.7627420140907,523.9493850700275,789.4323769999997,632.4177103999999,134.33863366666665,562.0181243821526,420.4836607963611,241.54847388467527,200.0814626199386,47.43174500593209,4
S_102000854,charon,1000,0.02,True,12500us,2ms,8394us,True,10ms,75666us,True,48,0.001,True,400,13360us,10ms,20,0.001,True,linear,1000us,400,0.02,0.05,charon,10ms,0.01,False,12500us,1000us,818.4804323312788,815.2837832831592,208.484716625,201.55561445,166.22236016666668,360.96938459025006,364.92035713024876,353.7532434155687,351.11631460186453,280.1227248137636,10
S_102000854,charon,2000,0.02,True,12500us,2ms,8394us,True,10ms,75666us,True,48,0.001,True,400,13360us,10ms,20,0.001,True,linear,1000us,400,0.02,0.05,charon,10ms,0.01,False,12500us,1000us,1608.3466784979942,1598.0146557523735,267.4858911839998,161.71438367,47.566280899999995,591.1830661463557,595.1981997468164,310.4067355529987,246.5262770369008,3.469614564386618,10
S_102000854,charon,3000,0.02,True,12500us,2ms,8394us,True,10ms,75666us,True,48,0.001,True,400,13360us,10ms,20,0.001,True,linear,1000us,400,0.02,0.05,charon,10ms,0.01,False,12500us,1000us,1797.008136792911,1792.0273545096031,199.286761047,100.50706624999998,62.62708165,973.9142658201065,975.131420763874,141.12832221600976,20.35642625207086,14.134306214315867,10
S_102000854,charon,4000,0.02,True,12500us,2ms,8394us,True,10ms,75666us,True,48,0.001,True,400,13360us,10ms,20,0.001,True,linear,1000us,400,0.02,0.05,charon,10ms,0.01,False,12500us,1000us,2234.8205337317067,1681.1099167445561,416.49214624099994,346.888290275,127.88421195000001,1178.1614764701847,856.950930159748,238.74937283006824,236.92783537139232,51.362491020038874,10
S_102000854,charon,5000,0.02,True,12500us,2ms,8394us,True,10ms,75666us,True,48,0.001,True,400,13360us,10ms,20,0.001,True,linear,1000us,400,0.02,0.05,charon,10ms,0.01,False,12500us,1000us,1894.8282162154933,1462.126835905929,526.0078496069999,390.64832496500003,86.0451822,830.8965466542678,622.6702772536827,188.0724949288793,126.4682861943953,47.42086227022916,10
S_102000854,charon,6000,0.02,True,12500us,2ms,8394us,True,10ms,75666us,True,48,0.001,True,400,13360us,10ms,20,0.001,True,linear,1000us,400,0.02,0.05,charon,10ms,0.01,False,12500us,1000us,1819.2318800106161,1349.3668906828875,524.7478390010001,367.708971435,107.27999355,1013.26695683201,746.629473544549,249.73246057777698,167.31413697201882,52.33789617443933,10
S_102000854,charon,7000,0.02,True,12500us,2ms,8394us,True,10ms,75666us,True,48,0.001,True,400,13360us,10ms,20,0.001,True,linear,1000us,400,0.02,0.05,charon,10ms,0.01,False,12500us,1000us,1550.7200228225506,1314.244169514943,408.9454882929997,264.925525125,78.60048400000001,890.8370357403708,740.3208222179619,216.8099698163393,160.6318081244692,25.495634768668545,10
S_102000854,charon,8000,0.02,True,12500us,2ms,8394us,True,10ms,75666us,True,48,0.001,True,400,13360us,10ms,20,0.001,True,linear,1000us,400,0.02,0.05,charon,10ms,0.01,False,12500us,1000us,1508.9375895796238,1001.2632050022543,557.4074448000001,388.34683853999996,108.32186615,948.5834101100597,598.082370122249,211.37350304267977,187.28534702937563,62.24206756891917,10
S_102000854,charon,9000,0.02,True,12500us,2ms,8394us,True,10ms,75666us,True,48,0.001,True,400,13360us,10ms,20,0.001,True,linear,1000us,400,0.02,0.05,charon,10ms,0.01,False,12500us,1000us,1598.3803399085086,1268.6891429283808,833.0488449719996,447.50228939999977,94.9131831,664.1320600833927,516.0343712704831,698.6435284668131,132.8903607054159,24.075025036315594,10
S_102000854,charon,10000,0.02,True,12500us,2ms,8394us,True,10ms,75666us,True,48,0.001,True,400,13360us,10ms,20,0.001,True,linear,1000us,400,0.02,0.05,charon,10ms,0.01,False,12500us,1000us,1426.310820628854,1095.2367141032812,753.7898302399998,521.9987288949999,117.0100152,825.0864180156949,749.4143506219415,385.601740008292,184.04498995044162,61.0012777000928,10
S_102000854,charon,11000,0.02,True,12500us,2ms,8394us,True,10ms,75666us,True,48,0.001,True,400,13360us,10ms,20,0.001,True,linear,1000us,400,0.02,0.05,charon,10ms,0.01,False,12500us,1000us,1568.7670587520536,1018.064109292723,685.8829843940002,547.7736584799999,140.3146462,879.4144465231062,616.3392932257711,266.29447371364165,204.84208541941612,54.11663502217713,10
S_102000854,charon,12000,0.02,True,12500us,2ms,8394us,True,10ms,75666us,True,48,0.001,True,400,13360us,10ms,20,0.001,True,linear,1000us,400,0.02,0.05,charon,10ms,0.01,False,12500us,1000us,1136.5167266069093,538.3302493832292,1241.085940687,706.6446015349998,234.96115625000002,852.9794535606226,516.2870755584041,741.6429374934253,384.08201557531964,174.11694131036703,10
S_102000854,dagor,1000,0.02,True,12500us,6193us,10ms,False,3806us,10ms,True,0,0.001,True,400,100us,10ms,9,0.001,True,step,1000us,400,0.02,1.189880849637384,dagor,10ms,2.0144790634632894,False,12500us,1000us,859.3101578872871,856.2717117782862,222.14172581250017,162.8434122875,138.46880825,324.2624691259284,325.6651422947145,323.4821929557751,308.7203445110918,256.9235886121505,8
S_102000854,dagor,2000,0.02,True,12500us,6193us,10ms,False,3806us,10ms,True,0,0.001,True,400,100us,10ms,9,0.001,True,step,1000us,400,0.02,1.189880849637384,dagor,10ms,2.0144790634632894,False,12500us,1000us,1424.4726476640708,1424.4613124096386,180.71013282777776,104.93898531666666,55.17070233333333,760.9450404895398,760.966235905888,239.46840307973068,65.0043242599318,4.858537719293579,9
S_102000854,dagor,3000,0.02,True,12500us,6193us,10ms,False,3806us,10ms,True,0,0.001,True,400,100us,10ms,9,0.001,True,step,1000us,400,0.02,1.189880849637384,dagor,10ms,2.0144790634632894,False,12500us,1000us,1321.7702397541132,1310.2902556545903,295.9914273657143,255.5060035642857,161.79649042857142,835.1693343727891,830.2733882391316,279.8008862242271,277.966218146991,182.4822569765484,7
S_102000854,dagor,4000,0.02,True,12500us,6193us,10ms,False,3806us,10ms,True,0,0.001,True,400,100us,10ms,9,0.001,True,step,1000us,400,0.02,1.189880849637384,dagor,10ms,2.0144790634632894,False,12500us,1000us,1246.5479601326113,1116.417596043817,246.73802981624988,197.85183274375,113.1702306875,720.2462886376386,646.6565057019468,110.37525676909797,82.2113068239583,38.2681298436442,8
S_102000854,dagor,5000,0.02,True,12500us,6193us,10ms,False,3806us,10ms,True,0,0.001,True,400,100us,10ms,9,0.001,True,step,1000us,400,0.02,1.189880849637384,dagor,10ms,2.0144790634632894,False,12500us,1000us,1102.692910481344,710.7986874392235,392.6065497900001,337.52073946666667,184.52214058333334,646.3576731473877,432.5517124331337,15.093516519504423,15.730647966937617,11.948320304318162,8
S_102000854,dagor,6000,0.02,True,12500us,6193us,10ms,False,3806us,10ms,True,0,0.001,True,400,100us,10ms,9,0.001,True,step,1000us,400,0.02,1.189880849637384,dagor,10ms,2.0144790634632894,False,12500us,1000us,957.3435820276734,436.77904404209687,551.4336481733333,447.13678862499995,227.25555458333335,561.9528120617317,299.2507607999214,70.14052849015559,38.86220216550365,22.536235206390607,8
S_102000854,dagor,7000,0.02,True,12500us,6193us,10ms,False,3806us,10ms,True,0,0.001,True,400,100us,10ms,9,0.001,True,step,1000us,400,0.02,1.189880849637384,dagor,10ms,2.0144790634632894,False,12500us,1000us,799.6728977457312,162.36808893484294,713.6268981466666,603.5075215083333,317.27436225,462.8469884198793,109.51762169379306,121.72318356358296,100.27852682549165,31.69166188226899,8
S_102000854,dagor,8000,0.02,True,12500us,6193us,10ms,False,3806us,10ms,True,0,0.001,True,400,100us,10ms,9,0.001,True,step,1000us,400,0.02,1.189880849637384,dagor,10ms,2.0144790634632894,False,12500us,1000us,755.6956539335627,89.22306854712356,887.6693220516664,720.2014566416665,374.44346924999996,441.2383230137805,63.65726909280115,52.623362051242495,83.2518405818025,27.378630979284548,8
S_102000854,dagor,9000,0.02,True,12500us,6193us,10ms,False,3806us,10ms,True,0,0.001,True,400,100us,10ms,9,0.001,True,step,1000us,400,0.02,1.189880849637384,dagor,10ms,2.0144790634632894,False,12500us,1000us,673.6577201030681,37.06039304875624,980.6105645733332,895.0215455749999,501.1563505,397.0095673922714,27.18209479814153,14.600200597552893,29.690112399800963,38.35521833575458,8
S_102000854,dagor,10000,0.02,True,12500us,6193us,10ms,False,3806us,10ms,True,0,0.001,True,400,100us,10ms,9,0.001,True,step,1000us,400,0.02,1.189880849637384,dagor,10ms,2.0144790634632894,False,12500us,1000us,770.2113985681314,91.88148595061725,2443.448208519999,1061.3209115083337,457.75016275,324.9588732430688,61.48895625619822,503.13752539334496,127.24448032018168,89.94501541034774,7
S_102000854,dagor,11000,0.02,True,12500us,6193us,10ms,False,3806us,10ms,True,0,0.001,True,400,100us,10ms,9,0.001,True,step,1000us,400,0.02,1.189880849637384,dagor,10ms,2.0144790634632894,False,12500us,1000us,685.6455135110133,100.58524796555439,3286.7311172333334,1236.4528106249998,487.72111250000006,245.23063912299486,59.617494706626786,1094.576241542352,468.8042710431169,85.7577150979412,6
S_102000854,dagor,12000,0.02,True,12500us,6193us,10ms,False,3806us,10ms,True,0,0.001,True,400,100us,10ms,9,0.001,True,step,1000us,400,0.02,1.189880849637384,dagor,10ms,2.0144790634632894,False,12500us,1000us,597.5702845620308,111.69688751367538,4986.203886086667,3369.4593415749964,467.74870816666663,79.18634542570678,24.81393116459291,661.5011818959982,514.2969879518415,42.04318794582182,6
S_102000854,plain,5000,0.02,True,12500us,2ms,10ms,False,10ms,10ms,True,0,0.001,True,400,100us,10ms,20,0.001,True,step,1000us,400,0.02,0.05,plain,10ms,0.01,False,12500us,1000us,5003.548941442827,5003.548941442827,70.11832261999999,61.141405,47.527241,0.0,0.0,0.0,0.0,0.0,1
S_149998854,breakwater,1000,0.02,True,12500us,2ms,10ms,False,10ms,10ms,True,0,0.2895180150248522,True,400,100us,82us,20,0.001,True,step,1000us,1776,1.2813105474595612,0.05,breakwater,10ms,0.01,False,4618us,18779us,708.1401873116458,663.5549083166763,314.5441476111111,307.0335439,238.7622073888889,349.96733624923917,397.1712255202022,363.6661950826518,356.48072861509905,235.0279332849931,10
S_149998854,breakwater,2000,0.02,True,12500us,2ms,10ms,False,10ms,10ms,True,0,0.2895180150248522,True,400,100us,82us,20,0.001,True,step,1000us,1776,1.2813105474595612,0.05,breakwater,10ms,0.01,False,4618us,18779us,1344.8644807143903,1340.4440923715692,300.85987163199997,291.71070922999996,224.46612905,787.3401200380615,794.6661596778378,345.7105170178288,339.07506968163824,220.02377258749635,10
S_149998854,breakwater,3000,0.02,True,12500us,2ms,10ms,False,10ms,10ms,True,0,0.2895180150248522,True,400,100us,82us,20,0.001,True,step,1000us,1776,1.2813105474595612,0.05,breakwater,10ms,0.01,False,4618us,18779us,1906.8436937493625,1904.3783782912299,317.93482867,296.38348568000004,206.52601570000002,1068.2433327279566,1072.585071795861,337.86087202924523,323.8406705460348,174.28059846518815,10
S_149998854,breakwater,4000,0.02,True,12500us,2ms,10ms,False,10ms,10ms,True,0,0.2895180150248522,True,400,100us,82us,20,0.001,True,step,1000us,1776,1.2813105474595612,0.05,breakwater,10ms,0.01,False,4618us,18779us,2381.9357189351076,2379.6232283501645,397.90339109000007,356.5102335833333,229.78674355555555,1598.4103462488808,1601.8236578178978,320.1454842695169,325.7656410478833,175.94854348558724,10
S_149998854,breakwater,5000,0.02,True,12500us,2ms,10ms,False,10ms,10ms,True,0,0.2895180150248522,True,400,100us,82us,20,0.001,True,step,1000us,1776,1.2813105474595612,0.05,breakwater,10ms,0.01,False,4618us,18779us,3058.014395910446,3030.027331164835,501.14415806333335,441.13550823333327,265.3709266666667,1689.223608368123,1678.5741884465353,299.71831588243214,291.1714259575092,184.89290144054507,10
S_149998854,breakwater,6000,0.02,True,12500us,2ms,10ms,False,10ms,10ms,True,0,0.2895180150248522,True,400,100us,82us,20,0.001,True,step,1000us,1776,1.2813105474595612,0.05,breakwater,10ms,0.01,False,4618us,18779us,3735.9814894012256,3388.3187994297864,698.912560161,589.8752524649999,292.13803155,2086.8507626383325,1873.7747200240058,258.29947526294563,249.51303116781898,139.6027042609386,10
S_149998854,breakwater,7000,0.02,True,12500us,2ms,10ms,False,10ms,10ms,True,0,0.2895180150248522,True,400,100us,82us,20,0.001,True,step,1000us,1776,1.2813105474595612,0.05,breakwater,10ms,0.01,False,4618us,18779us,2494.8120371444834,2324.735452779727,695.1158179074998,623.733648925,376.6304723125,2213.3321403164127,2046.7982167692796,264.58039834343185,264.84995446734865,216.57589017494521,10
S_149998854,breakwater,8000,0.02,True,12500us,2ms,10ms,False,10ms,10ms,True,0,0.2895180150248522,True,400,100us,82us,20,0.001,True,step,1000us,1776,1.2813105474595612,0.05,breakwater,10ms,0.01,False,4618us,18779us,2966.559592476324,1816.061161276451,915.3869939125002,793.23797881875,513.9597051875,1808.2559445840911,1628.3338343626679,232.5022578461336,231.1840932224771,284.4238327919686,9
S_149998854,breakwater,9000,0.02,True,12500us,2ms,10ms,False,10ms,10ms,True,0,0.2895180150248522,True,400,100us,82us,20,0.001,True,step,1000us,1776,1.2813105474595612,0.05,breakwater,10ms,0.01,False,4618us,18779us,3281.3077442887625,2616.894392537129,1117.7356272144445,824.0373282222222,492.4051149444444,2240.1702258528308,1814.4061926793875,441.1326477646147,162.77343124422814,223.97726082819372,10
S_149998854,breakwater,10000,0.02,True,12500us,2ms,10ms,False,10ms,10ms,True,0,0.2895180150248522,True,400,100us,82us,20,0.001,True,step,1000us,1776,1.2813105474595612,0.05,breakwater,10ms,0.01,False,4618us,18779us,2177.6899123283088,1393.266425286779,1952.3659888999991,1166.593124362499,438.32739406250005,1595.1038787404448,1046.482737246912,586.4845204075586,219.55112754911966,84.46267083550588,9
S_149998854,breakwater,11000,0.02,True,12500us,2ms,10ms,False,10ms,10ms,True,0,0.2895180150248522,True,400,100us,82us,20,0.001,True,step,1000us,1776,1.2813105474595612,0.05,breakwater,10ms,0.01,False,4618us,18779us,1226.640626873431,619.7071502553651,2550.925902272499,1873.2971279187493,566.097567875,991.9567090777625,476.63290626485144,894.8989281198677,709.6687243621017,160.20448343189818,9
S_149998854,breakwater,12000,0.02,True,12500us,2ms,10ms,False,10ms,10ms,True,0,0.2895180150248522,True,400,100us,82us,20,0.001,True,step,1000us,1776,1.2813105474595612,0.05,breakwater,10ms,0.01,False,4618us,18779us,1249.2703667464486,815.9297159384396,2657.9664612775,1766.2495484812503,462.37217925,890.1393369672264,589.4732529182983,923.8771816387238,569.9012679747132,105.04437765171924,9
S_149998854,breakwaterd,1000,1.981014890848788,True,58462us,2ms,10ms,False,10ms,10ms,True,0,6.133567491945523,True,4841,100us,137us,20,1.4038693859523377,True,step,6955us,670,8.781174363909454,0.05,breakwaterd,82067us,0.01,False,28375us,8346us,561.607369063094,554.4702861755322,277.800834635,261.0744874,218.38236966666668,451.0595705489621,459.2129708692403,321.7510730355766,317.8178655637573,232.90776262418197,7
S_149998854,breakwaterd,2000,1.981014890848788,True,58462us,2ms,10ms,False,10ms,10ms,True,0,6.133567491945523,True,4841,100us,137us,20,1.4038693859523377,True,step,6955us,670,8.781174363909454,0.05,breakwaterd,82067us,0.01,False,28375us,8346us,1229.2351062605396,1227.275364513244,265.77336222714285,249.7128159642857,182.7504655,580.7529139566168,584.8143509881562,292.7735640587166,282.9885907476717,162.6336918863869,7
S_149998854,breakwaterd,3000,1.981014890848788,True,58462us,2ms,10ms,False,10ms,10ms,True,0,6.133567491945523,True,4841,100us,137us,20,1.4038693859523377,True,step,6955us,670,8.781174363909454,0.05,breakwaterd,82067us,0.01,False,28375us,8346us,1611.023124737292,1609.4221991337506,295.82681419,273.269875175,183.21460725,1169.4880984616866,1171.6616995020172,305.4149374688675,295.5206726473872,138.0357685025108,6
S_149998854,breakwaterd,4000,1.981014890848788,True,58462us,2ms,10ms,False,10ms,10ms,True,0,6.133567491945523,True,4841,100us,137us,20,1.4038693859523377,True,step,6955us,670,8.781174363909454,0.05,breakwaterd,82067us,0.01,False,28375us,8346us,2244.078813637569,2242.6974039310658,349.90718932833335,311.09402835,202.85762,1398.9415663389232,1401.1407881081523,289.69014504238487,287.8265876838317,151.21471046190993,6
S_149998854,breakwaterd,5000,1.981014890848788,True,58462us,2ms,10ms,False,10ms,10ms,True,0,6.133567491945523,True,4841,100us,137us,20,1.4038693859523377,True,step,6955us,670,8.781174363909454,0.05,breakwaterd,82067us,0.01,False,28375us,8346us,2271.61856848344,2269.2812904552165,377.5661816133333,334.6028189333333,213.30460608333337,1183.2956015322516,1183.3015370884448,298.85128976261706,288.2109521728742,152.30764110263922,6
S_149998854,breakwaterd,6000,1.981014890848788,True,58462us,2ms,10ms,False,10ms,10ms,True,0,6.133567491945523,True,4841,100us,137us,20,1.4038693859523377,True,step,6955us,670,8.781174363909454,0.05,breakwaterd,82067us,0.01,False,28375us,8346us,2329.026033634492,2326.6784695765114,377.1535110699999,338.2531769333333,224.91213358333334,1146.7569989024557,1151.47246526621,281.36721033057006,285.2239077364379,179.99329853420778,6
S_149998854,breakwaterd,7000,1.981014890848788,True,58462us,2ms,10ms,False,10ms,10ms,True,0,6.133567491945523,True,4841,100us,137us,20,1.4038693859523377,True,step,6955us,670,8.781174363909454,0.05,breakwaterd,82067us,0.01,False,28375us,8346us,3202.9414929916397,3177.5055088341746,446.5606034939997,369.77832922999994,219.01557080000003,1122.265563136599,1104.1181273337743,154.50357862070211,127.23929188111498,69.444347033283,5
S_149998854,breakwaterd,8000,1.981014890848788,True,58462us,2ms,10ms,False,10ms,10ms,True,0,6.133567491945523,True,4841,100us,137us,20,1.4038693859523377,True,step,6955us,670,8.781174363909454,0.05,breakwaterd,82067us,0.01,False,28375us,8346us,1879.3161718774568,1842.093415851111,520.496389912,463.7154462,288.394686,1601.9170582079767,1559.967322967178,317.11996629623474,304.28437011918857,161.894975324024,5
S_149998854,breakwaterd,9000,1.981014890848788,True,58462us,2ms,10ms,False,10ms,10ms,True,0,6.133567491945523,True,4841,100us,137us,20,1.4038693859523377,True,step,6955us,670,8.781174363909454,0.05,breakwaterd,82067us,0.01,False,28375us,8346us,2873.9725497216314,2811.510534819124,661.3691518966667,537.3941486666666,332.12323775,1398.8793338469436,1361.2119308754134,267.9624705262849,235.63513080361764,168.44215965250604,6
S_149998854,breakwaterd,10000,1.981014890848788,True,58462us,2ms,10ms,False,10ms,10ms,True,0,6.133567491945523,True,4841,100us,137us,20,1.4038693859523377,True,step,6955us,670,8.781174363909454,0.05,breakwaterd,82067us,0.01,False,28375us,8346us,1892.1641747763713,1296.5750781642093,2509.5220090650005,1629.8043226833324,478.20313725,890.1525365801792,668.3135977725962,797.3968597848952,394.435260956792,142.2616507383254,6
S_149998854,breakwaterd,11000,1.981014890848788,True,58462us,2ms,10ms,False,10ms,10ms,True,0,6.133567491945523,True,4841,100us,137us,20,1.4038693859523377,True,step,6955us,670,8.781174363909454,0.05,breakwaterd,82067us,0.01,False,28375us,8346us,2040.0219710384122,1367.343104670831,4068.380194837501,1746.7060358374895,449.86991862499997,305.9891454115809,371.74468860772913,570.0383402090141,625.4572790851979,70.60386371572149,4
S_149998854,breakwaterd,12000,1.981014890848788,True,58462us,2ms,10ms,False,10ms,10ms,True,0,6.133567491945523,True,4841,100us,137us,20,1.4038693859523377,True,step,6955us,670,8.781174363909454,0.05,breakwaterd,82067us,0.01,False,28375us,8346us,1091.566597187111,675.0634546502978,3440.249370328331,2376.240961824999,519.3172746666667,603.636231302426,396.60944434602334,852.3790696416852,716.9453675585784,107.72389210149794,6
S_149998854,charon,1000,0.02,True,12500us,2ms,8394us,True,10ms,75666us,True,48,0.001,True,400,13360us,10ms,20,0.001,True,linear,1000us,400,0.02,0.05,charon,10ms,0.01,False,12500us,1000us,846.9193522618026,831.7064944893773,266.75037233666677,259.57660193333334,210.97664175,317.5483183319025,350.46076248516505,325.719836502037,320.0633904133293,218.60986453731212,10
S_149998854,charon,2000,0.02,True,12500us,2ms,8394us,True,10ms,75666us,True,48,0.001,True,400,13360us,10ms,20,0.001,True,linear,1000us,400,0.02,0.05,charon,10ms,0.01,False,12500us,1000us,1732.0922032047176,1727.5105149968444,291.8184286319999,218.4744126299999,116.15173055,595.5407620173797,596.9836516832258,303.74077850580954,247.26839794657872,2.9113805286697754,10
S_149998854,charon,3000,0.02,True,12500us,2ms,8394us,True,10ms,75666us,True,48,0.001,True,400,13360us,10ms,20,0.001,True,linear,1000us,400,0.02,0.05,charon,10ms,0.01,False,12500us,1000us,2319.31371894156,2315.5455435773483,212.2434662360002,157.37644898499997,124.49055324999999,1174.1445175387641,1174.052003065472,165.2562246889409,39.94036133227945,2.7951600601656628,10
S_149998854,charon,4000,0.02,True,12500us,2ms,8394us,True,10ms,75666us,True,48,0.001,True,400,13360us,10ms,20,0.001,True,linear,1000us,400,0.02,0.05,charon,10ms,0.01,False,12500us,1000us,2849.648396095853,2848.585844982236,255.26772029000009,210.575291095,150.9338567,1436.9998192979203,1436.4406699067688,74.19131218098514,41.65946431831696,16.06054611545427,10
S_149998854,charon,5000,0.02,True,12500us,2ms,8394us,True,10ms,75666us,True,48,0.001,True,400,13360us,10ms,20,0.001,True,linear,1000us,400,0.02,0.05,charon,10ms,0.01,False,12500us,1000us,2603.915241989066,2591.1128931337853,469.98545813300007,316.61192596999996,142.63782644999998,1272.3692637003762,1270.3593247876856,186.5010847493361,91.50625575487908,23.57602826723134,10
S_149998854,charon,6000,0.02,True,12500us,2ms,8394us,True,10ms,75666us,True,48,0.001,True,400,13360us,10ms,20,0.001,True,linear,1000us,400,0.02,0.05,charon,10ms,0.01,False,12500us,1000us,2200.20671520821,2182.362170487867,413.7488498300001,270.37112463499994,141.4640731,1251.8646483155203,1242.216714192119,231.96488072534814,105.24365706264562,16.896454685287015,10
S_149998854,charon,7000,0.02,True,12500us,2ms,8394us,True,10ms,75666us,True,48,0.001,True,400,13360us,10ms,20,0.001,True,linear,1000us,400,0.02,0.05,charon,10ms,0.01,False,12500us,1000us,2953.076866794925,2950.2494965824894,371.2523797250001,279.2873086849999,149.47899395,1122.6167341109597,1121.985037962268,122.26540183309693,81.39113354568458,25.170113762770768,10
S_149998854,charon,8000,0.02,True,12500us,2ms,8394us,True,10ms,75666us,True,48,0.001,True,400,13360us,10ms,20,0.001,True,linear,1000us,400,0.02,0.05,charon,10ms,0.01,False,12500us,1000us,2011.230776464826,2001.793163075176,473.0986844310002,322.75886363999996,165.72188484999998,1346.7197589951456,1339.7755705409297,104.79551327075475,112.43051523252025,48.83834663335394,10
S_149998854,charon,9000,0.02,True,12500us,2ms,8394us,True,10ms,75666us,True,48,0.001,True,400,13360us,10ms,20,0.001,True,linear,1000us,400,0.02,0.05,charon,10ms,0.01,False,12500us,1000us,2497.840024113407,2458.4064974350395,469.5381940859999,398.0891167049999,166.38426345,1397.7669538438706,1364.1663760138256,214.29785317799409,189.62313793124957,35.26776197198065,10
S_149998854,charon,10000,0.02,True,12500us,2ms,8394us,True,10ms,75666us,True,48,0.001,True,400,13360us,10ms,20,0.001,True,linear,1000us,400,0.02,0.05,charon,10ms,0.01,False,12500us,1000us,1755.1911405919163,1685.598825988302,730.4843634000001,526.2378900699999,152.8479313,1300.3875435889997,1246.7540458042413,430.35746119087014,292.34910451915437,31.049186739547444,10
S_149998854,charon,11000,0.02,True,12500us,2ms,8394us,True,10ms,75666us,True,48,0.001,True,400,13360us,10ms,20,0.001,True,linear,1000us,400,0.02,0.05,charon,10ms,0.01,False,12500us,1000us,2214.8730759248365,2045.195781004928,1063.4331705180002,715.1196086149998,216.54941490000002,1348.8734176475773,1315.2669710765826,851.3855613374845,625.557427373874,91.50938163974277,10
S_149998854,charon,12000,0.02,True,12500us,2ms,8394us,True,10ms,75666us,True,48,0.001,True,400,13360us,10ms,20,0.001,True,linear,1000us,400,0.02,0.05,charon,10ms,0.01,False,12500us,1000us,2329.1538447314115,1816.2705712989361,2608.7431252569977,1579.8732237699999,317.8670658,1120.1734044719642,1043.396885810892,1111.4102246836412,636.7603521943591,125.68651483164858,10
S_149998854,dagor,1000,0.02,True,12500us,6193us,10ms,False,3806us,10ms,True,0,0.001,True,400,100us,10ms,9,0.001,True,step,1000us,400,0.02,1.189880849637384,dagor,10ms,2.0144790634632894,False,12500us,1000us,870.5609356290439,861.1630842391237,244.06899678500042,225.19326289999998,203.76755737500002,302.69843698152346,323.8014281038493,285.71023441674305,285.57715174088617,239.07038714439392,8
S_149998854,dagor,2000,0.02,True,12500us,6193us,10ms,False,3806us,10ms,True,0,0.001,True,400,100us,10ms,9,0.001,True,step,1000us,400,0.02,1.189880849637384,dagor,10ms,2.0144790634632894,False,12500us,1000us,1517.202033355719,1517.202033355719,138.51224514444445,129.00357049444446,118.94371416666667,810.0686731432396,810.0686731432396,5.235818350150417,1.4189270180304454,2.8507358090338886,9
S_149998854,dagor,3000,0.02,True,12500us,6193us,10ms,False,3806us,10ms,True,0,0.001,True,400,100us,10ms,9,0.001,True,step,1000us,400,0.02,1.189880849637384,dagor,10ms,2.0144790634632894,False,12500us,1000us,1618.039014799899,1614.0322161929093,300.0990314214285,275.9997626642857,207.39469742857142,1018.4295999801973,1018.955886885074,280.2465250433091,277.2746052988532,182.0050269338557,7
S_149998854,dagor,4000,0.02,True,12500us,6193us,10ms,False,3806us,10ms,True,0,0.001,True,400,100us,10ms,9,0.001,True,step,1000us,400,0.02,1.189880849637384,dagor,10ms,2.0144790634632894,False,12500us,1000us,1492.2031530425472,1490.4220829783426,239.03560843249997,205.871399225,152.2525525625,862.7149553757455,861.5915219474481,57.05709562813409,40.172048017787475,15.185815273700632,8
S_149998854,dagor,5000,0.02,True,12500us,6193us,10ms,False,3806us,10ms,True,0,0.001,True,400,100us,10ms,9,0.001,True,step,1000us,400,0.02,1.189880849637384,dagor,10ms,2.0144790634632894,False,12500us,1000us,1327.5261260091083,1325.759554562268,375.9631306000001,304.45106425,196.0626922857143,774.7895011863274,773.5092973600479,103.01403919721065,75.94533826097185,31.342267703602023,8
S_149998854,dagor,6000,0.02,True,12500us,6193us,10ms,False,3806us,10ms,True,0,0.001,True,400,100us,10ms,9,0.001,True,step,1000us,400,0.02,1.189880849637384,dagor,10ms,2.0144790634632894,False,12500us,1000us,1414.8689183984573,1402.062148468351,590.4086130200002,425.2401302083333,241.04349391666665,580.7899522694536,576.1256332026511,99.81748264676779,22.24468407255853,13.722918051856832,7
S_149998854,dagor,7000,0.02,True,12500us,6193us,10ms,False,3806us,10ms,True,0,0.001,True,400,100us,10ms,9,0.001,True,step,1000us,400,0.02,1.189880849637384,dagor,10ms,2.0144790634632894,False,12500us,1000us,1634.0626751243974,1568.6380619260772,683.583432588333,559.9488511583332,303.67925025,65.88326855924815,84.04603665959799,75.46954500615756,57.58073412213447,16.641140913819708,6
S_149998854,dagor,8000,0.02,True,12500us,6193us,10ms,False,3806us,10ms,True,0,0.001,True,400,100us,10ms,9,0.001,True,step,1000us,400,0.02,1.189880849637384,dagor,10ms,2.0144790634632894,False,12500us,1000us,1646.126343241366,1435.105940417624,844.42169589,691.3951976083332,385.123167,153.53229862053584,166.78612057630227,61.16055563331331,44.210043378394694,26.379131167012027,6
S_149998854,dagor,9000,0.02,True,12500us,6193us,10ms,False,3806us,10ms,True,0,0.001,True,400,100us,10ms,9,0.001,True,step,1000us,400,0.02,1.189880849637384,dagor,10ms,2.0144790634632894,False,12500us,1000us,1159.6016527855952,824.1451320530022,1024.1723401033335,856.3729894166667,474.20045525,492.2083579934973,384.6467875872004,99.8225663530104,82.54575640849946,43.26030645660684,7
S_149998854,dagor,10000,0.02,True,12500us,6193us,10ms,False,3806us,10ms,True,0,0.001,True,400,100us,10ms,9,0.001,True,step,1000us,400,0.02,1.189880849637384,dagor,10ms,2.0144790634632894,False,12500us,1000us,840.9005155350582,501.6512755087607,3699.9818652300005,2100.615147599999,494.82651516666664,352.44435580668573,208.7940358947347,322.1053198781992,333.3364949071156,29.147423203914418,7
S_149998854,dagor,11000,0.02,True,12500us,6193us,10ms,False,3806us,10ms,True,0,0.001,True,400,100us,10ms,9,0.001,True,step,1000us,400,0.02,1.189880849637384,dagor,10ms,2.0144790634632894,False,12500us,1000us,1062.5912438613232,719.9263548070938,3964.245734565002,2460.9659221833335,515.5098226666667,413.1338147987801,537.6148003504142,1676.2208849881906,999.7445120625235,125.81819053113017,6
S_149998854,dagor,12000,0.02,True,12500us,6193us,10ms,False,3806us,10ms,True,0,0.001,True,400,100us,10ms,9,0.001,True,step,1000us,400,0.02,1.189880849637384,dagor,10ms,2.0144790634632894,False,12500us,1000us,913.5580690140499,583.3027685198783,5587.651794548331,3669.2119074166676,476.72412025,126.098433732805,154.47474011797658,667.5052430207347,1131.0091364705938,71.22805631366317,6
S_161142529,breakwater,1000,0.02,True,12500us,2ms,10ms,False,10ms,10ms,True,0,0.2895180150248522,True,400,100us,82us,20,0.001,True,step,1000us,1776,1.2813105474595612,0.05,breakwater,10ms,0.01,False,4618us,18779us,823.7371707165479,823.7371707165479,138.42821088800002,124.75561837999999,95.34118600000001,114.0560453089951,114.0560453089951,88.51081173807376,75.48383612625199,41.84514689646011,5
S_161142529,breakwater,2000,0.02,True,12500us,2ms,10ms,False,10ms,10ms,True,0,0.2895180150248522,True,400,100us,82us,20,0.001,True,step,1000us,1776,1.2813105474595612,0.05,breakwater,10ms,0.01,False,4618us,18779us,1277.7462487316582,1277.5139826700713,207.82019276285715,200.76909499999996,164.81590492857143,629.1348355715504,629.6059636940303,313.4423688350681,312.9159491673442,243.7940932190289,7
S_161142529,breakwater,3000,0.02,True,12500us,2ms,10ms,False,10ms,10ms,True,0,0.2895180150248522,True,400,100us,82us,20,0.001,True,step,1000us,1776,1.2813105474595612,0.05,breakwater,10ms,0.01,False,4618us,18779us,1344.244332899209,1314.7741080766568,425.226479952,343.3840133399999,96.7137405,815.6982558349729,845.9092756996447,387.27555747873186,314.043268908037,27.949500124358632,5
S_161142529,breakwater,4000,0.02,True,12500us,2ms,10ms,False,10ms,10ms,True,0,0.2895180150248522,True,400,100us,82us,20,0.001,True,step,1000us,1776,1.2813105474595612,0.05,breakwater,10ms,0.01,False,4618us,18779us,1552.3424830333665,1551.9738612305734,307.32880592600003,242.15749255999998,86.5109309,865.5583922613649,866.154521366773,323.2498616005287,284.3033593436744,26.276524047415208,6
S_161142529,breakwater,5000,0.02,True,12500us,2ms,10ms,False,10ms,10ms,True,0,0.2895180150248522,True,400,100us,82us,20,0.001,True,step,1000us,1776,1.2813105474595612,0.05,breakwater,10ms,0.01,False,4618us,18779us,1303.4707125643947,1300.400305258229,516.373331788,458.32342013,109.8635808,1066.566187336386,1070.2112061485234,390.72398325548284,385.03656160019534,37.009134998389186,6
S_161142529,breakwater,6000,0.02,True,12500us,2ms,10ms,False,10ms,10ms,True,0,0.2895180150248522,True,400,100us,82us,20,0.001,True,step,1000us,1776,1.2813105474595612,0.05,breakwater,10ms,0.01,False,4618us,18779us,931.5274216273216,929.8018868622855,339.30316303399997,300.4193415499999,237.3607394,543.5309056677054,546.343269260061,355.3592609717445,347.9218187221642,322.8355225612937,5
S_161142529,breakwater,7000,0.02,True,12500us,2ms,10ms,False,10ms,10ms,True,0,0.2895180150248522,True,400,100us,82us,20,0.001,True,step,1000us,1776,1.2813105474595612,0.05,breakwater,10ms,0.01,False,4618us,18779us,2246.110134628415,1817.768026692007,607.9381603257144,528.0280594642857,138.66326828571428,2067.456738078319,1493.6623790223628,345.0870957104115,317.50995865743755,66.54814367503543,8
S_161142529,breakwater,8000,0.02,True,12500us,2ms,10ms,False,10ms,10ms,True,0,0.2895180150248522,True,400,100us,82us,20,0.001,True,step,1000us,1776,1.2813105474595612,0.05,breakwater,10ms,0.01,False,4618us,18779us,2798.6168845015554,2334.8835120344143,537.878486802,455.05590471999994,230.52617289999998,1764.5082153598087,1511.147189071007,309.03534626897385,281.14843398944646,164.55567985418546,5
S_161142529,breakwater,9000,0.02,True,12500us,2ms,10ms,False,10ms,10ms,True,0,0.2895180150248522,True,400,100us,82us,20,0.001,True,step,1000us,1776,1.2813105474595612,0.05,breakwater,10ms,0.01,False,4618us,18779us,1394.468845472736,1334.4460714484624,477.8193223899998,379.56047428333324,155.84612791666666,829.6628814829671,783.5232345708031,255.17905176557773,224.10534690258194,79.89348831986364,6
S_161142529,breakwater,10000,0.02,True,12500us,2ms,10ms,False,10ms,10ms,True,0,0.2895180150248522,True,400,100us,82us,20,0.001,True,step,1000us,1776,1.2813105474595612,0.05,breakwater,10ms,0.01,False,4618us,18779us,1105.339713164098,971.8703127258092,872.6290419199993,729.7108903999998,141.215789,0.0,0.0,0.0,0.0,0.0,4
S_161142529,breakwater,11000,0.02,True,12500us,2ms,10ms,False,10ms,10ms,True,0,0.2895180150248522,True,400,100us,82us,20,0.001,True,step,1000us,1776,1.2813105474595612,0.05,breakwater,10ms,0.01,False,4618us,18779us,1512.4518354748925,1409.6452867072953,828.1277393619996,572.8747377099996,132.1969989,2224.4077361420477,2080.254761151749,304.966539541817,201.27710934027525,42.96127011901924,5
S_161142529,breakwater,12000,0.02,True,12500us,2ms,10ms,False,10ms,10ms,True,0,0.2895180150248522,True,400,100us,82us,20,0.001,True,step,1000us,1776,1.2813105474595612,0.05,breakwater,10ms,0.01,False,4618us,18779us,2495.9480100463174,1213.853119195489,1559.6473670849996,1095.10749875,376.98812224999995,526.2239105126092,328.1678385756778,216.44163283499978,128.60473424999992,26.650103750000014,3
S_161142529,breakwaterd,1000,1.981014890848788,True,58462us,2ms,10ms,False,10ms,10ms,True,0,6.133567491945523,True,4841,100us,137us,20,1.4038693859523377,True,step,6955us,670,8.781174363909454,0.05,breakwaterd,82067us,0.01,False,28375us,8346us,453.82679454941183,453.82679454941183,71.10086265,67.8855203,64.208061125,81.57498359161377,81.57498359161377,1.2622352803295516,0.4313285832986819,0.05471364138902089,4
S_161142529,breakwaterd,2000,1.981014890848788,True,58462us,2ms,10ms,False,10ms,10ms,True,0,6.133567491945523,True,4841,100us,137us,20,1.4038693859523377,True,step,6955us,670,8.781174363909454,0.05,breakwaterd,82067us,0.01,False,28375us,8346us,214.867022750575,214.867022750575,76.45261325999999,71.79432475,65.21588,214.867022750575,214.867022750575,0.0,0.0,0.0,2
S_161142529,breakwaterd,3000,1.981014890848788,True,58462us,2ms,10ms,False,10ms,10ms,True,0,6.133567491945523,True,4841,100us,137us,20,1.4038693859523377,True,step,6955us,670,8.781174363909454,0.05,breakwaterd,82067us,0.01,False,28375us,8346us,200.53975348798542,200.53975348798542,77.78151474000002,71.00228558333333,65.321968,196.97299463167627,196.97299463167627,2.035443711781431,0.3975779708225208,0.5105686559520357,4
S_161142529,breakwaterd,4000,1.981014890848788,True,58462us,2ms,10ms,False,10ms,10ms,True,0,6.133567491945523,True,4841,100us,137us,20,1.4038693859523377,True,step,6955us,670,8.781174363909454,0.05,breakwaterd,82067us,0.01,False,28375us,8346us,30.269448245005577,21.86925632771766,384.0686554633334,363.64001744999996,199.2258285,4.822687525055456,7.057217417055634,426.87120646760246,414.40859101331586,187.88601817955916,3
S_161142529,breakwaterd,5000,1.981014890848788,True,58462us,2ms,10ms,False,10ms,10ms,True,0,6.133567491945523,True,4841,100us,137us,20,1.4038693859523377,True,step,6955us,670,8.781174363909454,0.05,breakwaterd,82067us,0.01,False,28375us,8346us,507.878096270799,507.878096270799,113.22221415999992,91.1951956,69.55764500000001,507.878096270799,507.878096270799,0.0,0.0,0.0,2
S_161142529,breakwaterd,6000,1.981014890848788,True,58462us,2ms,10ms,False,10ms,10ms,True,0,6.133567491945523,True,4841,100us,137us,20,1.4038693859523377,True,step,6955us,670,8.781174363909454,0.05,breakwaterd,82067us,0.01,False,28375us,8346us,20.39215809983843,20.39215809983843,127.72083759999978,89.88781,66.665918,0.0,0.0,0.0,0.0,0.0,2
S_161142529,breakwaterd,7000,1.981014890848788,True,58462us,2ms,10ms,False,10ms,10ms,True,0,6.133567491945523,True,4841,100us,137us,20,1.4038693859523377,True,step,6955us,670,8.781174363909454,0.05,breakwaterd,82067us,0.01,False,28375us,8346us,46.56363495666136,46.56363495666136,107.23731735666655,86.07266856666666,67.45816383333333,33.24632559021021,33.24632559021021,11.489383866091485,6.1606553235972425,0.13812279860105758,3
S_161142529,breakwaterd,8000,1.981014890848788,True,58462us,2ms,10ms,False,10ms,10ms,True,0,6.133567491945523,True,4841,100us,137us,20,1.4038693859523377,True,step,6955us,670,8.781174363909454,0.05,breakwaterd,82067us,0.01,False,28375us,8346us,118.92703189181708,117.19279280961722,407.0009687433333,368.3790039833332,108.58291049999998,119.00620724800595,120.49949782562717,400.38799295113836,381.5163695870606,55.08557734881414,3
S_161142529,breakwaterd,9000,1.981014890848788,True,58462us,2ms,10ms,False,10ms,10ms,True,0,6.133567491945523,True,4841,100us,137us,20,1.4038693859523377,True,step,6955us,670,8.781174363909454,0.05,breakwaterd,82067us,0.01,False,28375us,8346us,5.373095047719674,1.7234455813440464,1034.7361018399995,979.892961,628.397167,0.0,0.0,0.0,0.0,0.0,3
S_161142529,breakwaterd,10000,1.981014890848788,True,58462us,2ms,10ms,False,10ms,10ms,True,0,6.133567491945523,True,4841,100us,137us,20,1.4038693859523377,True,step,6955us,670,8.781174363909454,0.05,breakwaterd,82067us,0.01,False,28375us,8346us,59.46473808725674,54.64324735813301,790.888389983333,532.6434027833334,170.68805783333335,59.8123111144111,54.536457106820095,369.1835777425613,334.9591337702411,123.44907150029665,3
S_161142529,breakwaterd,11000,1.981014890848788,True,58462us,2ms,10ms,False,10ms,10ms,True,0,6.133567491945523,True,4841,100us,137us,20,1.4038693859523377,True,step,6955us,670,8.781174363909454,0.05,breakwaterd,82067us,0.01,False,28375us,8346us,,,,,,,,,,,3
S_161142529,breakwaterd,12000,1.981014890848788,True,58462us,2ms,10ms,False,10ms,10ms,True,0,6.133567491945523,True,4841,100us,137us,20,1.4038693859523377,True,step,6955us,670,8.781174363909454,0.05,breakwaterd,82067us,0.01,False,28375us,8346us,617.3981301774052,528.335676332155,868.8382965000001,477.78075474999997,139.7487035,850.7210938814053,725.7273551135887,20.77502670000024,163.18553624999998,54.938657500000005,3
S_161142529,charon,1000,0.02,True,12500us,2ms,8394us,True,10ms,75666us,True,48,0.001,True,400,13360us,10ms,20,0.001,True,linear,1000us,400,0.02,0.05,charon,10ms,0.01,False,12500us,1000us,868.6783894148803,835.691898416764,238.8302967716669,213.3261402583333,139.23581091666665,261.6690748775888,332.3136540405246,338.98366610208916,328.7509759105585,170.0507071016051,10
S_161142529,charon,2000,0.02,True,12500us,2ms,8394us,True,10ms,75666us,True,48,0.001,True,400,13360us,10ms,20,0.001,True,linear,1000us,400,0.02,0.05,charon,10ms,0.01,False,12500us,1000us,1648.418049383558,1642.4745540228894,258.15015094,173.06846238999998,66.95037105,596.4680566379153,597.1769184017019,311.50437722655647,245.8015596822466,2.2888026733034508,10
S_161142529,charon,3000,0.02,True,12500us,2ms,8394us,True,10ms,75666us,True,48,0.001,True,400,13360us,10ms,20,0.001,True,linear,1000us,400,0.02,0.05,charon,10ms,0.01,False,12500us,1000us,2349.697456475375,2344.394811038835,171.93613906500005,103.92686864999996,75.50393045,797.8006240239605,796.5681532517962,110.03484238997008,12.758477888936664,5.051182559851047,10
S_161142529,charon,4000,0.02,True,12500us,2ms,8394us,True,10ms,75666us,True,48,0.001,True,400,13360us,10ms,20,0.001,True,linear,1000us,400,0.02,0.05,charon,10ms,0.01,False,12500us,1000us,2506.938157575974,2504.2475084852736,219.20876828999985,178.32280992499994,109.759829,1337.2320737127184,1335.3714758416072,87.41973627057008,64.20640404762648,26.992563604552984,10
S_161142529,charon,5000,0.02,True,12500us,2ms,8394us,True,10ms,75666us,True,48,0.001,True,400,13360us,10ms,20,0.001,True,linear,1000us,400,0.02,0.05,charon,10ms,0.01,False,12500us,1000us,2646.5887805711604,2568.7439102720546,418.70626087700003,278.14960302499986,104.8816866,1261.6003202562604,1216.8519063494548,154.84239221840429,73.71760230340733,39.06301659919586,10
S_161142529,charon,6000,0.02,True,12500us,2ms,8394us,True,10ms,75666us,True,48,0.001,True,400,13360us,10ms,20,0.001,True,linear,1000us,400,0.02,0.05,charon,10ms,0.01,False,12500us,1000us,2662.55138136076,2573.774916857501,364.9532823219999,238.90094816499996,113.28999160000001,1578.5284743728614,1494.0847571063186,196.737277235508,101.2088425338827,40.03576169578567,10
S_161142529,charon,7000,0.02,True,12500us,2ms,8394us,True,10ms,75666us,True,48,0.001,True,400,13360us,10ms,20,0.001,True,linear,1000us,400,0.02,0.05,charon,10ms,0.01,False,12500us,1000us,3069.286270207417,2908.0166068239578,404.68284604600007,295.11885841499975,124.62634645,1239.3525454531496,1134.660513770782,180.4645906047048,138.79601743930814,46.278089577400365,10
S_161142529,charon,8000,0.02,True,12500us,2ms,8394us,True,10ms,75666us,True,48,0.001,True,400,13360us,10ms,20,0.001,True,linear,1000us,400,0.02,0.05,charon,10ms,0.01,False,12500us,1000us,2376.566502904519,2136.673431625559,552.1845772319996,359.7304239199999,116.73290985000001,1656.4224988336703,1452.7499648462915,177.04381539274942,129.06748481471794,48.269310282733706,10
S_161142529,charon,9000,0.02,True,12500us,2ms,8394us,True,10ms,75666us,True,48,0.001,True,400,13360us,10ms,20,0.001,True,linear,1000us,400,0.02,0.05,charon,10ms,0.01,False,12500us,1000us,2669.751349602011,2400.280159038911,646.185453993,528.0279756,138.9018734,1476.411997620731,1222.2219188236593,550.7174606019707,536.6113728534938,49.147667423098035,10
S_161142529,charon,10000,0.02,True,12500us,2ms,8394us,True,10ms,75666us,True,48,0.001,True,400,13360us,10ms,20,0.001,True,linear,1000us,400,0.02,0.05,charon,10ms,0.01,False,12500us,1000us,1820.7108411909037,1609.3051082363215,583.7889926260001,426.8403366649998,98.0304668,1385.7791115596697,1208.6806552816356,210.69675486382363,211.38503150259925,21.9132309334409,10
S_161142529,charon,11000,0.02,True,12500us,2ms,8394us,True,10ms,75666us,True,48,0.001,True,400,13360us,10ms,20,0.001,True,linear,1000us,400,0.02,0.05,charon,10ms,0.01,False,12500us,1000us,2815.000108939576,2147.0836820250993,1035.8031130399997,655.826414595,179.25329705,1764.7276396873403,1265.9700901272622,921.3071689521917,393.9921546306187,82.52080616844476,10
S_161142529,charon,12000,0.02,True,12500us,2ms,8394us,True,10ms,75666us,True,48,0.001,True,400,13360us,10ms,20,0.001,True,linear,1000us,400,0.02,0.05,charon,10ms,0.01,False,12500us,1000us,2458.684784197681,1876.8132850945774,1579.0735160819982,871.2261559699997,228.4260068,1477.7549543935443,1204.1739932596458,1039.2016177318887,532.5993145187498,113.2121278322453,10
S_161142529,dagor,1000,0.02,True,12500us,6193us,10ms,False,3806us,10ms,True,0,0.001,True,400,100us,10ms,9,0.001,True,step,1000us,400,0.02,1.189880849637384,dagor,10ms,2.0144790634632894,False,12500us,1000us,868.9424814793963,862.64155256575,228.95497129874988,181.9279002125,159.72065381250002,314.8783413993642,326.0937892732715,310.3821836564979,302.77920165883774,254.45564183383897,8
S_161142529,dagor,2000,0.02,True,12500us,6193us,10ms,False,3806us,10ms,True,0,0.001,True,400,100us,10ms,9,0.001,True,step,1000us,400,0.02,1.189880849637384,dagor,10ms,2.0144790634632894,False,12500us,1000us,1505.5165958164798,1505.5052160122593,172.81646091444432,85.08513572777777,71.64080138888889,803.8739519130608,803.8952327800966,216.87987126876294,4.353696310499193,0.9217205541486827,9
S_161142529,dagor,3000,0.02,True,12500us,6193us,10ms,False,3806us,10ms,True,0,0.001,True,400,100us,10ms,9,0.001,True,step,1000us,400,0.02,1.189880849637384,dagor,10ms,2.0144790634632894,False,12500us,1000us,1671.7213973532962,1667.538129916042,286.4809253728567,253.2740549142857,90.504621,1058.1963236922181,1056.0935175223897,286.63800755472505,295.7943183011842,9.739150169292278,7
S_161142529,dagor,4000,0.02,True,12500us,6193us,10ms,False,3806us,10ms,True,0,0.001,True,400,100us,10ms,9,0.001,True,step,1000us,400,0.02,1.189880849637384,dagor,10ms,2.0144790634632894,False,12500us,1000us,1818.960131875707,1814.1195022668585,255.0201073537498,189.61521994999998,120.2542804375,1052.565211323901,1050.1356291748834,115.16450729450445,61.428353026907374,27.40351799911851,8
S_161142529,dagor,5000,0.02,True,12500us,6193us,10ms,False,3806us,10ms,True,0,0.001,True,400,100us,10ms,9,0.001,True,step,1000us,400,0.02,1.189880849637384,dagor,10ms,2.0144790634632894,False,12500us,1000us,1738.739208810677,1692.3906840947866,357.9566704028571,290.35170573571423,168.6258462142857,1004.874399489855,978.8571714839558,106.92087516805967,81.76995831605838,39.484099012729644,8
S_161142529,dagor,6000,0.02,True,12500us,6193us,10ms,False,3806us,10ms,True,0,0.001,True,400,100us,10ms,9,0.001,True,step,1000us,400,0.02,1.189880849637384,dagor,10ms,2.0144790634632894,False,12500us,1000us,1633.4861259258216,1484.4973331046783,514.6929248616668,396.4189496666666,218.63000358333332,946.6666583160611,861.0542927497706,79.61997608217646,23.79783377462735,12.149656585100727,8
S_161142529,dagor,7000,0.02,True,12500us,6193us,10ms,False,3806us,10ms,True,0,0.001,True,400,100us,10ms,9,0.001,True,step,1000us,400,0.02,1.189880849637384,dagor,10ms,2.0144790634632894,False,12500us,1000us,1541.4390529215386,1122.5622372099854,658.3815733816664,537.2469150499999,278.49701983333335,893.0298183102507,672.7348845657608,120.44212632313905,97.37296239332231,24.78302834773604,8
S_161142529,dagor,8000,0.02,True,12500us,6193us,10ms,False,3806us,10ms,True,0,0.001,True,400,100us,10ms,9,0.001,True,step,1000us,400,0.02,1.189880849637384,dagor,10ms,2.0144790634632894,False,12500us,1000us,1656.5201340683445,861.041641665588,788.638591251667,640.1629609083333,347.45562758333335,681.6619769856771,369.5211304260243,70.25733755189948,43.47196229952446,18.51182135882562,7
S_161142529,dagor,9000,0.02,True,12500us,6193us,10ms,False,3806us,10ms,True,0,0.001,True,400,100us,10ms,9,0.001,True,step,1000us,400,0.02,1.189880849637384,dagor,10ms,2.0144790634632894,False,12500us,1000us,1500.0101891145455,499.6618004130405,975.2046074816667,847.6751616333332,438.5156968333333,630.295426513371,281.8620044314148,33.4352929135807,71.7664200281177,51.49520863949455,7
S_161142529,dagor,10000,0.02,True,12500us,6193us,10ms,False,3806us,10ms,True,0,0.001,True,400,100us,10ms,9,0.001,True,step,1000us,400,0.02,1.189880849637384,dagor,10ms,2.0144790634632894,False,12500us,1000us,1402.7849766619547,562.0988267764387,3114.077250655,1364.240458758332,404.4717215,581.8651920038858,247.6317776807073,448.818068624945,365.71346416308774,19.391258288085304,7
S_161142529,dagor,11000,0.02,True,12500us,6193us,10ms,False,3806us,10ms,True,0,0.001,True,400,100us,10ms,9,0.001,True,step,1000us,400,0.02,1.189880849637384,dagor,10ms,2.0144790634632894,False,12500us,1000us,1412.6055759752662,516.185678334323,3924.509147538332,1083.1444498416665,440.4350424166667,219.44210469563686,220.4419185809504,1446.3690345047178,124.32478871724133,114.11871274380242,6
S_161142529,dagor,12000,0.02,True,12500us,6193us,10ms,False,3806us,10ms,True,0,0.001,True,400,100us,10ms,9,0.001,True,step,1000us,400,0.02,1.189880849637384,dagor,10ms,2.0144790634632894,False,12500us,1000us,1222.395473711172,535.8992374476926,5413.311731869993,2500.2471563499994,404.08938474999997,214.97029836080748,146.63069392874397,605.7804302983462,1110.3687831632767,51.72656783464229,6
