interface,control_scheme,capacity,BREAKWATERD_B,RATE_LIMITING,BREAKWATERD_SLO,DAGOR_QUEUING_THRESHOLD,PRICE_UPDATE_RATE,LAZY_UPDATE,DAGOR_ADMISSION_LEVEL_UPDATE_INTERVAL,TOKEN_UPDATE_RATE,LOAD_SHEDDING,PRICE_STEP,BREAKWATER_A,BREAKWATER_LOAD_SHEDDING,BREAKWATERD_INITIAL_CREDIT,LATENCY_THRESHOLD,BREAKWATER_CLIENT_EXPIRATION,DAGOR_UMAX,BREAKWATERD_A,BREAKWATERD_LOAD_SHEDDING,PRICE_STRATEGY,BREAKWATERD_RTT,BREAKWATER_INITIAL_CREDIT,BREAKWATER_B,DAGOR_ALPHA,INTERCEPT,BREAKWATERD_CLIENT_EXPIRATION,DAGOR_BETA,CHARON_TRACK_PRICE,BREAKWATER_SLO,BREAKWATER_RTT,Throughput,Goodput,99th_percentile,95th_percentile,Median Latency,Total Goodput,Total Throughput,Throughput std,Goodput std,99th_percentile std,95th_percentile std,Median Latency std,Total Goodput std,Total Throughput std,file_count
S_102000854,breakwater,1000,0.02,True,12500us,2ms,10ms,False,10ms,10ms,True,0,0.2895180150248522,True,400,100us,82us,20,0.001,True,step,1000us,1776,1.2813105474595612,0.05,breakwater,10ms,0.01,False,4618us,18779us,761.9377142939119,683.5276903715499,284.101046526,274.10147941,220.58741049999998,1507.2648610880976,1585.67488501046,262.37463268924057,378.1940761889049,368.28179283163985,365.6549199803887,309.2869034432204,447.0732763065093,333.0883058095741,5
S_102000854,breakwater,2000,0.02,True,12500us,2ms,10ms,False,10ms,10ms,True,0,0.2895180150248522,True,400,100us,82us,20,0.001,True,step,1000us,1776,1.2813105474595612,0.05,breakwater,10ms,0.01,False,4618us,18779us,1533.371492044304,1533.371492044304,63.802579726,56.83290951,45.402047800000005,4917.759726343548,4917.759726343548,260.9997949412125,260.9997949412125,4.951402596196881,4.060979199303952,1.906180294453114,578.691723136154,578.691723136154,5
S_102000854,breakwater,3000,0.02,True,12500us,2ms,10ms,False,10ms,10ms,True,0,0.2895180150248522,True,400,100us,82us,20,0.001,True,step,1000us,1776,1.2813105474595612,0.05,breakwater,10ms,0.01,False,4618us,18779us,2059.2047459675896,2054.1663190618174,130.53570240200025,93.92573537000001,58.0382461,6127.017483053179,6132.055909958951,462.07598142347496,461.8500664902897,55.82926627784598,27.293532510513508,9.156880290559194,1740.657289838365,1742.0523697410247,5
S_102000854,breakwater,4000,0.02,True,12500us,2ms,10ms,False,10ms,10ms,True,0,0.2895180150248522,True,400,100us,82us,20,0.001,True,step,1000us,1776,1.2813105474595612,0.05,breakwater,10ms,0.01,False,4618us,18779us,1405.857662128166,1400.2301124551905,293.40324450200006,268.09175369999997,219.12622039999997,5831.253944459486,5838.839298760022,744.6127448722804,754.5566542896088,354.2747273639884,362.66607088723873,329.6488182348673,2963.304542760096,2948.940821234735,5
S_102000854,breakwater,5000,0.02,True,12500us,2ms,10ms,False,10ms,10ms,True,0,0.2895180150248522,True,400,100us,82us,20,0.001,True,step,1000us,1776,1.2813105474595612,0.05,breakwater,10ms,0.01,False,4618us,18779us,1905.8655362511495,1861.5598829214282,345.989890474,294.39815039999996,90.25469869999999,6157.834947241059,6232.045519557732,1004.8694344137148,1004.5661218173198,323.52033898340346,304.00243993788365,43.442494227552146,3109.9521451564365,3135.4953570056073,5
S_102000854,breakwater,6000,0.02,True,12500us,2ms,10ms,False,10ms,10ms,True,0,0.2895180150248522,True,400,100us,82us,20,0.001,True,step,1000us,1776,1.2813105474595612,0.05,breakwater,10ms,0.01,False,4618us,18779us,1716.5701873398527,1565.0527613956358,469.23413902500005,405.132796,158.98285925,4242.061128202373,4566.354675767368,1024.5688815112094,926.4227493187667,303.11216234264623,295.4981308770977,118.05443957556237,3513.1220463881364,3773.2155340601535,5
S_102000854,breakwater,7000,0.02,True,12500us,2ms,10ms,False,10ms,10ms,True,0,0.2895180150248522,True,400,100us,82us,20,0.001,True,step,1000us,1776,1.2813105474595612,0.05,breakwater,10ms,0.01,False,4618us,18779us,1526.821404854591,1185.1407907773141,637.356774016,564.0213500699999,128.3026044,4091.1546362955937,4561.186978927724,1164.270248951141,947.8420880509121,298.09203154192454,296.53241638845986,59.40574028283817,3160.1767292203276,3404.5174871921367,5
S_102000854,breakwater,8000,0.02,True,12500us,2ms,10ms,False,10ms,10ms,True,0,0.2895180150248522,True,400,100us,82us,20,0.001,True,step,1000us,1776,1.2813105474595612,0.05,breakwater,10ms,0.01,False,4618us,18779us,1030.1540666357525,791.4496599174296,487.3034591600001,412.9409756125,237.76093974999998,6381.161459412033,7381.808460888631,670.1375390818863,677.2882657338686,375.78306391543435,335.33561461753715,270.36111498975333,3654.9990873698716,3645.8832014114264,4
S_102000854,breakwater,9000,0.02,True,12500us,2ms,10ms,False,10ms,10ms,True,0,0.2895180150248522,True,400,100us,82us,20,0.001,True,step,1000us,1776,1.2813105474595612,0.05,breakwater,10ms,0.01,False,4618us,18779us,1531.683379814384,1304.2689640809376,356.657913472,279.48992194,95.4609717,6290.214163237184,7432.834202124813,511.58586527670514,377.4760159848986,70.71680135553372,54.19919681476064,17.814955041523092,396.75458790720097,335.36439441296915,5
S_102000854,breakwater,10000,0.02,True,12500us,2ms,10ms,False,10ms,10ms,True,0,0.2895180150248522,True,400,100us,82us,20,0.001,True,step,1000us,1776,1.2813105474595612,0.05,breakwater,10ms,0.01,False,4618us,18779us,940.2077290334536,551.6491950961898,948.5242808849996,729.3058753124992,208.873244625,1331.3672520403486,2015.720280745608,700.8065419599068,440.2599040175405,144.9824764313071,201.22262508663164,82.42134644139837,1535.4950378392098,2235.490427459968,5
S_102000854,breakwater,11000,0.02,True,12500us,2ms,10ms,False,10ms,10ms,True,0,0.2895180150248522,True,400,100us,82us,20,0.001,True,step,1000us,1776,1.2813105474595612,0.05,breakwater,10ms,0.01,False,4618us,18779us,1916.2248071388067,1226.7189224512322,744.733617507501,480.64009007499993,172.698753875,3702.4964649335025,5111.327455173299,202.08577527639653,319.3713730018159,405.71490141403893,245.60544914119467,70.51811142394898,2453.256384733818,2483.252151624414,4
S_102000854,breakwater,12000,0.02,True,12500us,2ms,10ms,False,10ms,10ms,True,0,0.2895180150248522,True,400,100us,82us,20,0.001,True,step,1000us,1776,1.2813105474595612,0.05,breakwater,10ms,0.01,False,4618us,18779us,811.7399258860155,650.2734990338197,564.5219188900005,440.7891031749999,105.21715524999999,2048.7999376750818,3389.985552061451,144.61477014497083,99.73332196596712,30.496647540000595,47.093915125000095,13.246141250000004,1450.7804609990249,2405.2384750005153,3
S_102000854,breakwaterd,1000,1.981014890848788,True,58462us,2ms,10ms,False,10ms,10ms,True,0,6.133567491945523,True,4841,100us,137us,20,1.4038693859523377,True,step,6955us,670,8.781174363909454,0.05,breakwaterd,82067us,0.01,False,28375us,8346us,602.4858558822564,602.4858558822564,49.322530130000004,45.741374125,41.681722625,748.7488888087869,748.7488888087869,41.44287371896006,41.44287371896006,1.3017287166441414,0.4712801412203684,0.0952535990667666,255.12572526430134,255.12572526430134,4
S_102000854,breakwaterd,2000,1.981014890848788,True,58462us,2ms,10ms,False,10ms,10ms,True,0,6.133567491945523,True,4841,100us,137us,20,1.4038693859523377,True,step,6955us,670,8.781174363909454,0.05,breakwaterd,82067us,0.01,False,28375us,8346us,447.5974028253252,370.08597351389443,388.6233329433333,376.08165825,310.6991675,1359.9437123012988,1442.0278723564188,151.64434496237746,261.26168884352273,430.1802510132111,431.53166080116654,375.2256899673015,1021.4657375794516,914.2991776343798,3
S_102000854,breakwaterd,4000,1.981014890848788,True,58462us,2ms,10ms,False,10ms,10ms,True,0,6.133567491945523,True,4841,100us,137us,20,1.4038693859523377,True,step,6955us,670,8.781174363909454,0.05,breakwaterd,82067us,0.01,False,28375us,8346us,401.42257661814557,393.8918262236462,380.9499008833333,366.1310235833333,318.07920616666667,2746.963702479877,2765.6574642046703,267.6132222824268,278.26225640573574,445.68361672751615,442.2848219740961,388.665450805651,1926.376666902362,1899.9397046679646,3
S_102000854,breakwaterd,5000,1.981014890848788,True,58462us,2ms,10ms,False,10ms,10ms,True,0,6.133567491945523,True,4841,100us,137us,20,1.4038693859523377,True,step,6955us,670,8.781174363909454,0.05,breakwaterd,82067us,0.01,False,28375us,8346us,1031.571897459848,1031.571897459848,81.88007372,65.42886899999999,46.583594,5790.919559504133,5799.38437798477,0.0,0.0,0.0,0.0,0.0,0.0,0.0,1
S_102000854,breakwaterd,7000,1.981014890848788,True,58462us,2ms,10ms,False,10ms,10ms,True,0,6.133567491945523,True,4841,100us,137us,20,1.4038693859523377,True,step,6955us,670,8.781174363909454,0.05,breakwaterd,82067us,0.01,False,28375us,8346us,751.0117797588417,751.0117797588417,117.60704794999992,90.534891,47.748951,4355.460989567814,4356.369725152113,0.0,0.0,0.0,0.0,0.0,0.0,0.0,1
S_102000854,breakwaterd,8000,1.981014890848788,True,58462us,2ms,10ms,False,10ms,10ms,True,0,6.133567491945523,True,4841,100us,137us,20,1.4038693859523377,True,step,6955us,670,8.781174363909454,0.05,breakwaterd,82067us,0.01,False,28375us,8346us,1117.907061931909,1097.703310653692,227.1238182,184.834081,65.540027,4887.744787608213,4978.9442934432,0.0,0.0,0.0,0.0,0.0,0.0,0.0,1
S_102000854,breakwaterd,10000,1.981014890848788,True,58462us,2ms,10ms,False,10ms,10ms,True,0,6.133567491945523,True,4841,100us,137us,20,1.4038693859523377,True,step,6955us,670,8.781174363909454,0.05,breakwaterd,82067us,0.01,False,28375us,8346us,404.54487700473,345.6156957778546,214.50555801000002,165.5767572999999,75.94423625,975.9604200730131,1385.8602415655855,404.3462772718665,345.4170960449911,161.71724573,112.89851189999992,24.504243250000002,969.7288562242202,1364.4457180250367,2
S_102000854,breakwaterd,12000,1.981014890848788,True,58462us,2ms,10ms,False,10ms,10ms,True,0,6.133567491945523,True,4841,100us,137us,20,1.4038693859523377,True,step,6955us,670,8.781174363909454,0.05,breakwaterd,82067us,0.01,False,28375us,8346us,1019.0085890431147,752.521920937394,691.2005291199998,519.4535935,100.941531,1692.4981489171892,2431.5820978607885,456.87118258108933,329.35323140444234,242.01241712000038,147.533767,5.343805000000003,101.76209439391596,102.79980658569957,2
S_102000854,charon,1000,0.02,True,12500us,2ms,8394us,True,10ms,75666us,True,48,0.001,True,400,13360us,10ms,20,0.001,True,linear,1000us,400,0.02,0.05,charon,10ms,0.01,False,12500us,1000us,979.8133522371812,979.8133522371812,47.67630386333334,44.483660816666664,40.923882,1184.0283437110959,1184.0283437110959,21.620551767892326,21.620551767892326,0.20994582110810836,0.09279753187479871,0.041545412366069914,966.9131831562546,966.9131831562546,5
S_102000854,charon,2000,0.02,True,12500us,2ms,8394us,True,10ms,75666us,True,48,0.001,True,400,13360us,10ms,20,0.001,True,linear,1000us,400,0.02,0.05,charon,10ms,0.01,False,12500us,1000us,1858.7113802675638,1858.7113802675638,69.99511212400002,59.80437067999999,47.1480125,5677.422174233376,5677.422174233376,215.32600026593795,215.32600026593795,13.4049236302059,8.197649879491449,3.7848776788095546,497.0868243750675,497.0868243750675,5
S_102000854,charon,3000,0.02,True,12500us,2ms,8394us,True,10ms,75666us,True,48,0.001,True,400,13360us,10ms,20,0.001,True,linear,1000us,400,0.02,0.05,charon,10ms,0.01,False,12500us,1000us,1765.2027298068563,1760.0020120361908,195.04953324399997,96.81137317999999,62.0032825,6144.151246941652,6156.311772133088,967.4073411688888,968.830158076656,146.1759670424392,22.459703219235212,13.674225054301322,3107.5877728085475,3110.6459599702316,5
S_102000854,charon,4000,0.02,True,12500us,2ms,8394us,True,10ms,75666us,True,48,0.001,True,400,13360us,10ms,20,0.001,True,linear,1000us,400,0.02,0.05,charon,10ms,0.01,False,12500us,1000us,2313.334170627744,1731.8377951867783,535.473777454,451.3311667,136.8998789,7076.401440505428,7664.8907168803435,1181.306955000027,886.0368075304764,232.1402361881756,266.17170503764237,44.97531959423428,3544.3754856093597,3828.8337298334673,5
S_102000854,charon,5000,0.02,True,12500us,2ms,8394us,True,10ms,75666us,True,48,0.001,True,400,13360us,10ms,20,0.001,True,linear,1000us,400,0.02,0.05,charon,10ms,0.01,False,12500us,1000us,2213.170381482085,1667.826373941527,540.58638739,409.2627684800001,99.61474480000001,7494.814061983877,8155.95982177564,565.2206663673733,366.1488977686628,100.10910524673672,74.39991799737659,55.1035626747502,2192.0732857200464,2507.818469791631,5
S_102000854,charon,6000,0.02,True,12500us,2ms,8394us,True,10ms,75666us,True,48,0.001,True,400,13360us,10ms,20,0.001,True,linear,1000us,400,0.02,0.05,charon,10ms,0.01,False,12500us,1000us,1783.0125529253048,1203.3056373731465,568.131306738,370.0657278499999,122.89666480000001,5739.169637313937,6425.419627339214,1065.3403083081494,692.1381881567003,239.3374383780883,151.13420768458192,63.53221704181855,3062.096703481943,3479.525079055173,5
S_102000854,charon,7000,0.02,True,12500us,2ms,8394us,True,10ms,75666us,True,48,0.001,True,400,13360us,10ms,20,0.001,True,linear,1000us,400,0.02,0.05,charon,10ms,0.01,False,12500us,1000us,1784.9504053108103,1472.9035672251848,553.8708713919993,319.4203022599999,85.6508469,6539.8595276788055,6951.352635741927,895.0786550717396,756.3548805567016,129.8749197454811,149.84651770309958,24.53813516041716,3376.162299959264,3602.6573239567942,5
S_102000854,charon,8000,0.02,True,12500us,2ms,8394us,True,10ms,75666us,True,48,0.001,True,400,13360us,10ms,20,0.001,True,linear,1000us,400,0.02,0.05,charon,10ms,0.01,False,12500us,1000us,1369.3900601885036,812.6907512143555,568.8012125979998,449.2440759899999,112.70386349999998,4777.019955313,5621.9821591210875,970.4984814921883,519.0475995243334,212.75726260590855,189.15744212998234,70.23923722627035,3561.228483751517,4206.258251961721,5
S_102000854,charon,9000,0.02,True,12500us,2ms,8394us,True,10ms,75666us,True,48,0.001,True,400,13360us,10ms,20,0.001,True,linear,1000us,400,0.02,0.05,charon,10ms,0.01,False,12500us,1000us,1590.9694125915971,1184.2127001224915,1097.9916711559995,506.8261389799997,105.25296410000001,5402.579745734061,6047.941211055807,882.8887740138914,659.0662729498521,886.4539767889303,94.13495874387307,27.886804444372956,3174.2572498677378,3558.494080750877,5
S_102000854,charon,10000,0.02,True,12500us,2ms,8394us,True,10ms,75666us,True,48,0.001,True,400,13360us,10ms,20,0.001,True,linear,1000us,400,0.02,0.05,charon,10ms,0.01,False,12500us,1000us,1342.0562591725877,924.5227734734544,645.2521781779999,495.8745193499998,140.7275893,4222.114551095143,5082.40545867642,854.1226576495673,728.4534922941535,129.18190994679097,129.76408878202403,72.57794622778603,2292.841147138802,2649.255301396509,5
S_102000854,charon,11000,0.02,True,12500us,2ms,8394us,True,10ms,75666us,True,48,0.001,True,400,13360us,10ms,20,0.001,True,linear,1000us,400,0.02,0.05,charon,10ms,0.01,False,12500us,1000us,1669.5755130758148,1103.5459500593722,585.7461106320004,488.86648593,136.2281915,5163.765056479789,6432.559651104495,912.5875283642074,628.9045908644513,261.0541933052318,219.40216717376336,58.782780260937024,2765.7346337970885,3566.4161975570532,5
S_102000854,charon,12000,0.02,True,12500us,2ms,8394us,True,10ms,75666us,True,48,0.001,True,400,13360us,10ms,20,0.001,True,linear,1000us,400,0.02,0.05,charon,10ms,0.01,False,12500us,1000us,611.6986393519479,175.8330530731004,831.153210378,602.1890588899998,253.44960179999998,4407.284420199139,5999.646524288821,575.3634667966245,332.73827593573634,618.1625527389084,340.10380229077765,203.13430526756167,2288.9744422591916,3085.76314459265,5
S_102000854,dagor,1000,0.02,True,12500us,6193us,10ms,False,3806us,10ms,True,0,0.001,True,400,100us,10ms,9,0.001,True,step,1000us,400,0.02,1.189880849637384,dagor,10ms,2.0144790634632894,False,12500us,1000us,795.2627705983198,793.1517132767015,239.385368866,232.82231831999997,196.72830119999998,1986.833580326922,1996.8792103948715,394.90782822963286,396.65105372366526,376.16477984675424,373.4083660300951,310.74819501878295,1093.6559689285625,1078.7446024221526,5
S_102000854,dagor,2000,0.02,True,12500us,6193us,10ms,False,3806us,10ms,True,0,0.001,True,400,100us,10ms,9,0.001,True,step,1000us,400,0.02,1.189880849637384,dagor,10ms,2.0144790634632894,False,12500us,1000us,1101.2127403939419,1101.192336935964,244.75063751199997,121.08115487999999,52.459341599999995,3434.7923446589534,3434.833231764528,898.2475964658963,898.2725737266699,306.5724528963602,83.7259170532942,5.013243292535156,2800.8141676720534,2800.764104362771,5
S_102000854,dagor,3000,0.02,True,12500us,6193us,10ms,False,3806us,10ms,True,0,0.001,True,400,100us,10ms,9,0.001,True,step,1000us,400,0.02,1.189880849637384,dagor,10ms,2.0144790634632894,False,12500us,1000us,1453.1711898628805,1438.443835209964,184.52045087800008,141.42350596999998,85.64279619999999,5086.507142610628,5110.580122583986,726.6908507517801,719.4923560540811,63.57274432843527,44.5496758185348,20.338278063123543,2542.2358340819364,2554.0734444267973,5
S_102000854,dagor,4000,0.02,True,12500us,6193us,10ms,False,3806us,10ms,True,0,0.001,True,400,100us,10ms,9,0.001,True,step,1000us,400,0.02,1.189880849637384,dagor,10ms,2.0144790634632894,False,12500us,1000us,1012.3242770184388,902.3716892153868,212.56218942199976,172.68920556999998,97.4083799,3547.8424652783506,3664.656345721568,826.8640334753482,738.7105656688756,126.41837876382647,95.1947756579729,40.71334213724603,2898.690857296924,2992.526090510886,5
S_102000854,dagor,5000,0.02,True,12500us,6193us,10ms,False,3806us,10ms,True,0,0.001,True,400,100us,10ms,9,0.001,True,step,1000us,400,0.02,1.189880849637384,dagor,10ms,2.0144790634632894,False,12500us,1000us,837.8463912322292,536.1866525743287,396.05583365,340.89087195,184.90391983333333,2905.8489515474093,3240.3915991566464,685.8585682567526,449.9438959826145,17.292624811289677,17.893438049930996,11.797052145633199,2374.125456846542,2645.0723684971395,5
S_102000854,dagor,6000,0.02,True,12500us,6193us,10ms,False,3806us,10ms,True,0,0.001,True,400,100us,10ms,9,0.001,True,step,1000us,400,0.02,1.189880849637384,dagor,10ms,2.0144790634632894,False,12500us,1000us,810.4905763146729,376.29946425303467,509.87883041000003,427.8149952333333,225.13827166666667,2513.803177852353,3066.5422133658444,668.4718549727525,356.41468669938126,55.14610173361518,39.588501596760054,26.393703316913523,2066.629053846318,2507.9964188027975,5
S_102000854,dagor,7000,0.02,True,12500us,6193us,10ms,False,3806us,10ms,True,0,0.001,True,400,100us,10ms,9,0.001,True,step,1000us,400,0.02,1.189880849637384,dagor,10ms,2.0144790634632894,False,12500us,1000us,636.4753931530211,92.5702053464571,806.3506028133332,683.8291071,346.0656106666667,1827.2739416618144,2822.1758092868963,520.358058105881,76.36120475858033,101.8105829669112,81.87895878487348,16.26037763110306,1495.804865111789,2304.5842421846005,5
S_102000854,dagor,8000,0.02,True,12500us,6193us,10ms,False,3806us,10ms,True,0,0.001,True,400,100us,10ms,9,0.001,True,step,1000us,400,0.02,1.189880849637384,dagor,10ms,2.0144790634632894,False,12500us,1000us,574.8269273876768,84.5870146630388,885.45537744,720.8766877333331,366.3809395,1527.2321901426988,2736.820389969397,472.307178923878,79.8830787101982,64.92690076815005,107.12796390803345,36.68859235926836,1274.2743833467093,2244.6359080960174,5
S_102000854,dagor,9000,0.02,True,12500us,6193us,10ms,False,3806us,10ms,True,0,0.001,True,400,100us,10ms,9,0.001,True,step,1000us,400,0.02,1.189880849637384,dagor,10ms,2.0144790634632894,False,12500us,1000us,549.4101414312275,32.30419191109535,990.39999667,901.1881861,513.9271681666667,874.6503315805543,2362.9832029833915,455.95731631634294,31.658450522739265,6.054917106663993,32.718393492824994,37.08335726105558,765.7546921052561,1949.307339351974,5
S_102000854,dagor,10000,0.02,True,12500us,6193us,10ms,False,3806us,10ms,True,0,0.001,True,400,100us,10ms,9,0.001,True,step,1000us,400,0.02,1.189880849637384,dagor,10ms,2.0144790634632894,False,12500us,1000us,689.4215567827575,62.82422430452023,2528.0983067024977,1055.5619207999998,485.373119,1035.9251720411935,2791.7387886437073,349.70936418249664,46.023467265454386,512.3159043428753,111.77055551994196,97.93256092045186,533.990158063734,1405.9132521731842,5
S_102000854,dagor,11000,0.02,True,12500us,6193us,10ms,False,3806us,10ms,True,0,0.001,True,400,100us,10ms,9,0.001,True,step,1000us,400,0.02,1.189880849637384,dagor,10ms,2.0144790634632894,False,12500us,1000us,660.7922743654098,101.44012868807624,3023.0173428640005,1030.0721221899998,498.1345136,1330.7969614268095,3100.618852263433,261.64781417286036,65.2741134280288,1010.1716930829442,90.41571823800938,90.4136566220319,323.38080451988895,398.89975750780934,5
S_102000854,dagor,12000,0.02,True,12500us,6193us,10ms,False,3806us,10ms,True,0,0.001,True,400,100us,10ms,9,0.001,True,step,1000us,400,0.02,1.189880849637384,dagor,10ms,2.0144790634632894,False,12500us,1000us,573.3475388880422,119.86503095859689,5120.770025742,3544.0198649699973,470.0945263,1197.1066432866614,2676.260957973136,63.278150370683285,18.400163363092776,645.3311558644374,366.84248964914707,45.69615308632864,264.17301698188237,346.7196743441494,5
S_102000854,plain,5000,0.02,True,12500us,2ms,10ms,False,10ms,10ms,True,0,0.001,True,400,100us,10ms,20,0.001,True,step,1000us,400,0.02,0.05,plain,10ms,0.01,False,12500us,1000us,5003.548941442827,5003.548941442827,70.11832261999999,61.141405,47.527241,5003.548941442827,5003.548941442827,0.0,0.0,0.0,0.0,0.0,0.0,0.0,1
S_149998854,breakwater,2000,0.02,True,12500us,2ms,10ms,False,10ms,10ms,True,0,0.2895180150248522,True,400,100us,82us,20,0.001,True,step,1000us,1776,1.2813105474595612,0.05,breakwater,10ms,0.01,False,4618us,18779us,1580.1114919242932,1574.3866123981243,301.654961294,290.82489435,216.9596541,3872.4376765400752,3887.857419674804,764.0354295920621,775.4815806912762,344.71809274871066,335.0735692266408,203.78008717673063,1984.9696965625726,1955.3516537672479,5
S_149998854,breakwater,3000,0.02,True,12500us,2ms,10ms,False,10ms,10ms,True,0,0.2895180150248522,True,400,100us,82us,20,0.001,True,step,1000us,1776,1.2813105474595612,0.05,breakwater,10ms,0.01,False,4618us,18779us,1856.5934807342105,1854.094584327407,319.274289888,295.34311631,204.20415020000002,3624.4942557228414,3656.0375988190585,1056.6763019583575,1061.003432018145,336.67114379306895,320.9354027422216,168.5757687246291,2663.293895030606,2638.407602491109,5
S_149998854,breakwater,4000,0.02,True,12500us,2ms,10ms,False,10ms,10ms,True,0,0.2895180150248522,True,400,100us,82us,20,0.001,True,step,1000us,1776,1.2813105474595612,0.05,breakwater,10ms,0.01,False,4618us,18779us,2740.878074202976,2738.9404948833226,356.00081102400003,326.6443703,216.77603779999998,3970.5321672270234,3977.915012159466,1453.4751799788962,1457.1019596856665,318.29539371522736,313.98983511301003,163.4897994055422,2549.099655343916,2537.6498990998816,5
S_149998854,breakwater,5000,0.02,True,12500us,2ms,10ms,False,10ms,10ms,True,0,0.2895180150248522,True,400,100us,82us,20,0.001,True,step,1000us,1776,1.2813105474595612,0.05,breakwater,10ms,0.01,False,4618us,18779us,2984.9499913692716,2983.20437671268,429.94094779999995,384.68215759,245.66085190000004,5566.5163147688045,5609.465153847202,1514.688819054681,1518.10558625243,276.3902993841639,275.02199323518295,156.04227524600702,3292.069978841017,3313.165640702418,5
S_149998854,breakwater,6000,0.02,True,12500us,2ms,10ms,False,10ms,10ms,True,0,0.2895180150248522,True,400,100us,82us,20,0.001,True,step,1000us,1776,1.2813105474595612,0.05,breakwater,10ms,0.01,False,4618us,18779us,3330.5354635533504,3293.3098738378385,550.7234191219999,467.58717656999977,277.8088386,4036.100964201783,4156.0125873656525,1999.8915867562214,1965.7829041183206,265.35683755566384,266.4576062314714,168.17224357697822,2085.8588365226524,2154.6019660706525,5
S_149998854,breakwater,7000,0.02,True,12500us,2ms,10ms,False,10ms,10ms,True,0,0.2895180150248522,True,400,100us,82us,20,0.001,True,step,1000us,1776,1.2813105474595612,0.05,breakwater,10ms,0.01,False,4618us,18779us,4017.6699877093024,3786.4580509757675,540.0119725879998,454.27061369,246.4823175,7229.019518763035,8203.484546762764,1238.9064927660975,1088.7845817321247,213.92943538460145,185.72760481826805,74.72105314487325,1869.0827067736825,2398.317877884768,5
S_149998854,breakwater,8000,0.02,True,12500us,2ms,10ms,False,10ms,10ms,True,0,0.2895180150248522,True,400,100us,82us,20,0.001,True,step,1000us,1776,1.2813105474595612,0.05,breakwater,10ms,0.01,False,4618us,18779us,3797.946759994319,2369.0702961722627,947.0089261080004,793.51650124,443.50713859999996,4338.32120544352,6111.952538061829,1150.9310253225892,1569.1152003675961,179.2144379992758,166.71570375402155,237.7283535642854,3509.230337520205,3117.1212384511136,5
S_149998854,breakwater,9000,0.02,True,12500us,2ms,10ms,False,10ms,10ms,True,0,0.2895180150248522,True,400,100us,82us,20,0.001,True,step,1000us,1776,1.2813105474595612,0.05,breakwater,10ms,0.01,False,4618us,18779us,2612.6456782375412,2117.173429964306,1099.309652052,910.4127025,550.5247790999999,3845.944820084157,4474.9281393094025,2153.220134702991,1728.3764615040895,264.28558004681014,119.80901810285641,278.9931452482905,3147.9825382243707,3658.2420635643944,5
S_149998854,breakwater,10000,0.02,True,12500us,2ms,10ms,False,10ms,10ms,True,0,0.2895180150248522,True,400,100us,82us,20,0.001,True,step,1000us,1776,1.2813105474595612,0.05,breakwater,10ms,0.01,False,4618us,18779us,2850.7526697541957,1825.374092247599,2201.7080059499995,1173.6225537999987,443.6088682000001,2070.086302710772,3194.4427163787673,1448.4218429777939,984.6460250569941,384.5185217021981,114.84014696939609,61.29705390060761,978.6362294382657,1441.3907782694175,5
S_149998854,breakwater,11000,0.02,True,12500us,2ms,10ms,False,10ms,10ms,True,0,0.2895180150248522,True,400,100us,82us,20,0.001,True,step,1000us,1776,1.2813105474595612,0.05,breakwater,10ms,0.01,False,4618us,18779us,1388.1002663804215,688.0441270207803,2564.2316700539986,1887.398564399999,603.6747597000001,2788.2056425684277,3945.2126480390907,735.73897369631,334.89649931850386,891.122769443976,616.6531436440099,185.1818546148676,2718.8529695281863,3018.5711059733994,5
S_149998854,breakwater,12000,0.02,True,12500us,2ms,10ms,False,10ms,10ms,True,0,0.2895180150248522,True,400,100us,82us,20,0.001,True,step,1000us,1776,1.2813105474595612,0.05,breakwater,10ms,0.01,False,4618us,18779us,1530.454088833847,982.2086251935132,2853.6604752920002,1936.4270008100004,440.23094119999996,982.2086251935132,1530.454088833847,788.435366700982,516.8367602124073,858.8894869770722,557.2444194724577,64.7624664934287,516.8367602124073,788.435366700982,5
S_149998854,breakwaterd,2000,1.981014890848788,True,58462us,2ms,10ms,False,10ms,10ms,True,0,6.133567491945523,True,4841,100us,137us,20,1.4038693859523377,True,step,6955us,670,8.781174363909454,0.05,breakwaterd,82067us,0.01,False,28375us,8346us,1304.8934784256985,1302.149839979485,302.21006484599997,288.22371451,208.7636453,1413.3631157225407,1462.613611755613,672.3411428607585,677.5566761276331,339.1392098177884,326.5098647528725,186.16647286947327,805.0395117658719,721.092411148412,5
S_149998854,breakwaterd,3000,1.981014890848788,True,58462us,2ms,10ms,False,10ms,10ms,True,0,6.133567491945523,True,4841,100us,137us,20,1.4038693859523377,True,step,6955us,670,8.781174363909454,0.05,breakwaterd,82067us,0.01,False,28375us,8346us,1889.259387414455,1887.3382766902057,328.88399007600003,303.39068170999997,196.562054,1887.3382766902057,1889.259387414455,1084.7812626151435,1088.0833096366075,324.618667931447,315.20689021092744,147.63374294120567,1088.0833096366075,1084.7812626151435,5
S_149998854,breakwaterd,4000,1.981014890848788,True,58462us,2ms,10ms,False,10ms,10ms,True,0,6.133567491945523,True,4841,100us,137us,20,1.4038693859523377,True,step,6955us,670,8.781174363909454,0.05,breakwaterd,82067us,0.01,False,28375us,8346us,2570.904938324499,2569.247246676696,391.32850615,347.58502454,220.32670560000003,2807.9601386713416,2819.1763957062176,1306.7337573391517,1309.971683257782,300.682728533197,302.36305441576445,160.02516265229772,1494.8346905707353,1473.9581437367826,5
S_149998854,breakwaterd,5000,1.981014890848788,True,58462us,2ms,10ms,False,10ms,10ms,True,0,6.133567491945523,True,4841,100us,137us,20,1.4038693859523377,True,step,6955us,670,8.781174363909454,0.05,breakwaterd,82067us,0.01,False,28375us,8346us,2722.751090692168,2721.0581269960408,253.75758984399994,211.3310387,147.7242645,3130.5237449963297,3132.2167086924574,677.5712959978727,675.0030911055474,123.30088278638951,92.21210729346978,45.082744290696695,1401.3072597864643,1404.5217719555428,5
S_149998854,breakwaterd,6000,1.981014890848788,True,58462us,2ms,10ms,False,10ms,10ms,True,0,6.133567491945523,True,4841,100us,137us,20,1.4038693859523377,True,step,6955us,670,8.781174363909454,0.05,breakwaterd,82067us,0.01,False,28375us,8346us,2789.4892279272303,2789.4892279272303,254.29728928399987,212.67279551999997,145.03428509999998,2789.4892279272303,2789.4892279272303,553.0857235985096,553.0857235985096,66.62657930483711,54.77791414268347,24.37787830618548,553.0857235985096,553.0857235985096,5
S_149998854,breakwaterd,7000,1.981014890848788,True,58462us,2ms,10ms,False,10ms,10ms,True,0,6.133567491945523,True,4841,100us,137us,20,1.4038693859523377,True,step,6955us,670,8.781174363909454,0.05,breakwaterd,82067us,0.01,False,28375us,8346us,3202.9414929916397,3177.5055088341746,446.5606034939997,369.77832922999994,219.01557080000003,3327.707864785943,3353.1438489434086,1122.265563136599,1104.1181273337743,154.50357862070211,127.23929188111498,69.444347033283,1198.9894618099243,1212.6874220445718,5
S_149998854,breakwaterd,8000,1.981014890848788,True,58462us,2ms,10ms,False,10ms,10ms,True,0,6.133567491945523,True,4841,100us,137us,20,1.4038693859523377,True,step,6955us,670,8.781174363909454,0.05,breakwaterd,82067us,0.01,False,28375us,8346us,2537.181082580067,2475.1431558694912,755.3671466133334,674.5740806,401.04812599999997,2841.044259420722,2909.8167698907037,1787.2099589790316,1747.323119768544,172.28137856285718,207.7521594709156,109.34464343959793,2069.577448061087,2111.5080488370318,3
S_149998854,breakwaterd,9000,1.981014890848788,True,58462us,2ms,10ms,False,10ms,10ms,True,0,6.133567491945523,True,4841,100us,137us,20,1.4038693859523377,True,step,6955us,670,8.781174363909454,0.05,breakwaterd,82067us,0.01,False,28375us,8346us,3442.8605607739387,3371.515669991608,584.151459748,448.11942991999996,262.9662356,3371.515669991608,3442.8605607739387,637.522277322589,584.6734100262919,224.47545711739303,137.14534406543657,73.15167598783887,584.6734100262919,637.522277322589,5
S_149998854,breakwaterd,10000,1.981014890848788,True,58462us,2ms,10ms,False,10ms,10ms,True,0,6.133567491945523,True,4841,100us,137us,20,1.4038693859523377,True,step,6955us,670,8.781174363909454,0.05,breakwaterd,82067us,0.01,False,28375us,8346us,2266.3538249701087,1554.6835009738654,2693.6057842380005,1690.611722919999,418.39983270000005,1692.8900593384344,2428.132055825428,332.7739175228191,369.1231913732497,748.1237094906912,405.5980406289092,53.17369005769327,360.1732066324808,332.10110603029653,5
S_149998854,breakwaterd,11000,1.981014890848788,True,58462us,2ms,10ms,False,10ms,10ms,True,0,6.133567491945523,True,4841,100us,137us,20,1.4038693859523377,True,step,6955us,670,8.781174363909454,0.05,breakwaterd,82067us,0.01,False,28375us,8346us,2040.0219710384122,1367.343104670831,4068.380194837501,1746.7060358374895,449.86991862499997,1367.343104670831,2040.0219710384122,305.9891454115809,371.74468860772913,570.0383402090141,625.4572790851979,70.60386371572149,371.74468860772913,305.9891454115809,4
S_149998854,breakwaterd,12000,1.981014890848788,True,58462us,2ms,10ms,False,10ms,10ms,True,0,6.133567491945523,True,4841,100us,137us,20,1.4038693859523377,True,step,6955us,670,8.781174363909454,0.05,breakwaterd,82067us,0.01,False,28375us,8346us,1306.8810558897137,808.9490569820358,3597.174954545998,2362.510526189999,481.3958698,1420.8614614011476,2078.556297723967,398.8610571750847,284.96795353681387,850.9443343389357,784.653836350836,72.78136185194874,820.279343619088,1007.7021280910885,5
S_149998854,charon,2000,0.02,True,12500us,2ms,8394us,True,10ms,75666us,True,48,0.001,True,400,13360us,10ms,20,0.001,True,linear,1000us,400,0.02,0.05,charon,10ms,0.01,False,12500us,1000us,1988.7941656948537,1988.7941656948537,130.850229816,123.68340573999998,115.1360238,5677.422174233376,5677.422174233376,2.7960129629140438,2.7960129629140438,5.163322338723131,2.769148610360015,0.8594964182080431,497.0868243750675,497.0868243750675,5
S_149998854,charon,3000,0.02,True,12500us,2ms,8394us,True,10ms,75666us,True,48,0.001,True,400,13360us,10ms,20,0.001,True,linear,1000us,400,0.02,0.05,charon,10ms,0.01,False,12500us,1000us,2383.8365337582163,2383.3816689161868,157.23030250799997,144.12740026,124.8276548,6144.151246941652,6156.311772133088,1190.2096284999398,1189.9878806089514,7.47517183935567,5.672628440009125,2.10263747821593,3107.5877728085475,3110.6459599702316,5
S_149998854,charon,4000,0.02,True,12500us,2ms,8394us,True,10ms,75666us,True,48,0.001,True,400,13360us,10ms,20,0.001,True,linear,1000us,400,0.02,0.05,charon,10ms,0.01,False,12500us,1000us,2759.7854745879476,2757.660372360713,271.5909051360001,212.67724161,147.0467512,7076.401440505428,7664.8907168803435,1394.5176739318836,1393.2271832293795,84.4327499602737,42.15914347089167,14.85913902889268,3544.3754856093597,3828.8337298334673,5
S_149998854,charon,5000,0.02,True,12500us,2ms,8394us,True,10ms,75666us,True,48,0.001,True,400,13360us,10ms,20,0.001,True,linear,1000us,400,0.02,0.05,charon,10ms,0.01,False,12500us,1000us,2876.22482066897,2859.8338909093472,555.1143940579999,382.13100118999995,147.7358502,7494.814061983877,8155.95982177564,1019.4701549978083,1021.398527084758,139.9765000705952,43.20911632411211,27.03087433870441,2192.0732857200464,2507.818469791631,5
S_149998854,charon,6000,0.02,True,12500us,2ms,8394us,True,10ms,75666us,True,48,0.001,True,400,13360us,10ms,20,0.001,True,linear,1000us,400,0.02,0.05,charon,10ms,0.01,False,12500us,1000us,2175.4324527771682,2155.403102818519,443.26225038799987,302.97203844999996,137.3385542,5739.169637313937,6425.419627339214,1221.1072819604115,1213.4556983659156,243.54745887087498,115.03777515926467,8.260178663339289,3062.096703481943,3479.525079055173,5
S_149998854,charon,7000,0.02,True,12500us,2ms,8394us,True,10ms,75666us,True,48,0.001,True,400,13360us,10ms,20,0.001,True,linear,1000us,400,0.02,0.05,charon,10ms,0.01,False,12500us,1000us,2631.196390119575,2630.098430881875,342.649756036,269.79640132,144.0650736,6725.6203048468915,7073.542570469831,1461.395089173951,1460.357564531799,120.66533399327072,78.1259377616306,17.963664775549535,3470.509082445254,3645.219585913803,5
S_149998854,charon,8000,0.02,True,12500us,2ms,8394us,True,10ms,75666us,True,48,0.001,True,400,13360us,10ms,20,0.001,True,linear,1000us,400,0.02,0.05,charon,10ms,0.01,False,12500us,1000us,1563.4376590087086,1547.8627415200676,539.4643198259997,374.97752905000004,147.7726762,5608.180704074294,6416.643872996408,1182.2441767814644,1177.7776992339047,118.75751346431817,154.2542558696851,31.10698287735981,2906.9142557689115,3445.865489128978,5
S_149998854,charon,9000,0.02,True,12500us,2ms,8394us,True,10ms,75666us,True,48,0.001,True,400,13360us,10ms,20,0.001,True,linear,1000us,400,0.02,0.05,charon,10ms,0.01,False,12500us,1000us,2415.3275298365456,2362.2206340535513,544.3862038459997,471.9360125199999,175.2164742,5402.579745734061,6047.941211055807,1742.539264283899,1692.752017976902,213.465836822129,201.72245045714828,34.655409903960624,3174.2572498677378,3558.494080750877,5
S_149998854,charon,10000,0.02,True,12500us,2ms,8394us,True,10ms,75666us,True,48,0.001,True,400,13360us,10ms,20,0.001,True,linear,1000us,400,0.02,0.05,charon,10ms,0.01,False,12500us,1000us,1781.1442996839542,1763.6880902766504,562.0596608720001,409.8113719399994,157.26628680000002,4647.837151147348,5012.092474624446,900.8146070456746,892.8356550384688,249.58048895399304,235.68598678430806,38.67721454829437,2402.636610856247,2573.649254908833,5
S_149998854,charon,11000,0.02,True,12500us,2ms,8394us,True,10ms,75666us,True,48,0.001,True,400,13360us,10ms,20,0.001,True,linear,1000us,400,0.02,0.05,charon,10ms,0.01,False,12500us,1000us,2234.222543646312,2062.4392423561976,933.4397122540006,607.4362709399999,208.91132550000003,5163.765056479789,6432.559651104495,1244.5635029534467,1198.2412198674626,630.2103764909009,432.02862674227487,78.4565570204074,2765.7346337970885,3566.4161975570532,5
S_149998854,charon,12000,0.02,True,12500us,2ms,8394us,True,10ms,75666us,True,48,0.001,True,400,13360us,10ms,20,0.001,True,linear,1000us,400,0.02,0.05,charon,10ms,0.01,False,12500us,1000us,2441.6974409314194,1980.4657060369652,2131.6052431719995,1368.1299340799997,253.70075609999998,4407.284420199139,5999.646524288821,1412.8094764155885,1197.8311410777458,916.8459904478408,609.8378484506844,63.99304740181169,2288.9744422591916,3085.76314459265,5
S_149998854,dagor,1000,0.02,True,12500us,6193us,10ms,False,3806us,10ms,True,0,0.001,True,400,100us,10ms,9,0.001,True,step,1000us,400,0.02,1.189880849637384,dagor,10ms,2.0144790634632894,False,12500us,1000us,981.805616913785,979.952873560483,143.14473319666786,117.05089333333332,113.34856683333334,2917.8877528229546,2927.9027794567332,21.926810660345062,24.546893646493857,32.86599621692114,0.2873847051610755,0.06522955838208329,111.43304788841441,97.26977119081646,3
S_149998854,dagor,2000,0.02,True,12500us,6193us,10ms,False,3806us,10ms,True,0,0.001,True,400,100us,10ms,9,0.001,True,step,1000us,400,0.02,1.189880849637384,dagor,10ms,2.0144790634632894,False,12500us,1000us,1171.3414953044585,1171.3414953044585,135.184226852,128.63591953,120.0271876,3434.7923446589534,3434.833231764528,954.9939947003281,954.9939947003281,3.4150627291567197,1.4845805285646199,3.4544545342777946,2800.8141676720534,2800.764104362771,5
S_149998854,dagor,3000,0.02,True,12500us,6193us,10ms,False,3806us,10ms,True,0,0.001,True,400,100us,10ms,9,0.001,True,step,1000us,400,0.02,1.189880849637384,dagor,10ms,2.0144790634632894,False,12500us,1000us,1802.0024431923398,1798.3491037959334,186.7598599559999,162.38229117,132.897822,5086.507142610628,5110.580122583986,900.6970404418403,898.788180163427,26.039330568344155,15.134216618615298,4.881788676730176,2542.2358340819364,2554.0734444267973,5
S_149998854,dagor,4000,0.02,True,12500us,6193us,10ms,False,3806us,10ms,True,0,0.001,True,400,100us,10ms,9,0.001,True,step,1000us,400,0.02,1.189880849637384,dagor,10ms,2.0144790634632894,False,12500us,1000us,1203.5466313922614,1202.6172907481152,223.23940240399997,194.450012,147.51937089999998,3547.8424652783506,3664.656345721568,981.8118608603171,981.1244927285354,67.30680782851724,47.23553366491969,17.478684163712696,2898.690857296924,2992.526090510886,5
S_149998854,dagor,5000,0.02,True,12500us,6193us,10ms,False,3806us,10ms,True,0,0.001,True,400,100us,10ms,9,0.001,True,step,1000us,400,0.02,1.189880849637384,dagor,10ms,2.0144790634632894,False,12500us,1000us,1038.8989509164858,1036.2946424585807,335.51530337,274.5536954625,187.151709375,2905.8489515474093,3240.3915991566464,855.5315880651266,852.9029271406832,120.74188061768115,89.0209863017791,36.54212447728055,2374.125456846542,2645.0723684971395,5
S_149998854,dagor,6000,0.02,True,12500us,6193us,10ms,False,3806us,10ms,True,0,0.001,True,400,100us,10ms,9,0.001,True,step,1000us,400,0.02,1.189880849637384,dagor,10ms,2.0144790634632894,False,12500us,1000us,1296.8719261809197,1282.618389473982,617.816673045,434.5045597,238.373698375,3399.5485902348664,4110.009543542961,649.8810543118192,642.7988098011524,106.36194898404733,21.554357603769187,15.906780078581887,1719.2894240347646,2060.5021428775385,5
S_149998854,dagor,7000,0.02,True,12500us,6193us,10ms,False,3806us,10ms,True,0,0.001,True,400,100us,10ms,9,0.001,True,step,1000us,400,0.02,1.189880849637384,dagor,10ms,2.0144790634632894,False,12500us,1000us,1629.4812899905592,1560.2305910502398,687.2800088859998,569.55862757,309.3301659,3181.4722629088146,4724.465524824604,71.29369925030323,89.73499949660362,82.17538932172391,58.51976003333729,11.862377459676281,211.21923239195053,74.00043306844827,5
S_149998854,dagor,8000,0.02,True,12500us,6193us,10ms,False,3806us,10ms,True,0,0.001,True,400,100us,10ms,9,0.001,True,step,1000us,400,0.02,1.189880849637384,dagor,10ms,2.0144790634632894,False,12500us,1000us,1659.9922753742176,1449.4416781251148,826.0789800080001,686.9269676299999,386.1461566,2579.8397878976366,4630.394096917749,164.72102361316658,179.29877792824894,49.69914408603116,47.17672146077755,28.78803965228375,271.8701810510337,262.3283968520543,5
S_149998854,dagor,9000,0.02,True,12500us,6193us,10ms,False,3806us,10ms,True,0,0.001,True,400,100us,10ms,9,0.001,True,step,1000us,400,0.02,1.189880849637384,dagor,10ms,2.0144790634632894,False,12500us,1000us,1006.5092948097406,673.5914250233736,1076.4679634075003,904.6630340125,488.89085275,1112.774619737642,3088.9895765650413,506.98997404363513,356.36892232959053,73.42024451062733,45.45477310724424,45.34378055089529,629.7951887197408,1573.867335295938,5
S_149998854,dagor,10000,0.02,True,12500us,6193us,10ms,False,3806us,10ms,True,0,0.001,True,400,100us,10ms,9,0.001,True,step,1000us,400,0.02,1.189880849637384,dagor,10ms,2.0144790634632894,False,12500us,1000us,807.248338198865,471.9184698812193,3735.065149100001,2154.571448224999,509.054855,1035.9251720411935,2791.7387886437073,411.50919762695787,240.58973652364253,289.47067705613546,263.8315426051808,17.032067819346008,533.990158063734,1405.9132521731842,5
S_149998854,dagor,11000,0.02,True,12500us,6193us,10ms,False,3806us,10ms,True,0,0.001,True,400,100us,10ms,9,0.001,True,step,1000us,400,0.02,1.189880849637384,dagor,10ms,2.0144790634632894,False,12500us,1000us,1058.9015194199485,725.558522327872,3802.235512760002,2303.8849804700003,523.148744,1330.7969614268095,3100.618852263433,452.475164310166,588.7658960920597,1792.8122808896862,1025.3489034380805,136.55087611367495,323.38080451988895,398.89975750780934,5
S_149998854,dagor,12000,0.02,True,12500us,6193us,10ms,False,3806us,10ms,True,0,0.001,True,400,100us,10ms,9,0.001,True,step,1000us,400,0.02,1.189880849637384,dagor,10ms,2.0144790634632894,False,12500us,1000us,883.8040291297584,541.8505666996946,5711.054473617997,4116.749382900001,497.31479149999996,1197.1066432866614,2676.260957973136,117.34206684400918,135.37069175775173,665.812715515991,577.303428332084,59.53376144939431,264.17301698188237,346.7196743441494,5
S_161142529,breakwater,1000,0.02,True,12500us,2ms,10ms,False,10ms,10ms,True,0,0.2895180150248522,True,400,100us,82us,20,0.001,True,step,1000us,1776,1.2813105474595612,0.05,breakwater,10ms,0.01,False,4618us,18779us,823.7371707165479,823.7371707165479,138.42821088800002,124.75561837999999,95.34118600000001,1507.2648610880976,1585.67488501046,114.05604530899512,114.05604530899512,88.51081173807376,75.483836126252,41.84514689646011,447.0732763065093,333.0883058095741,5
S_161142529,breakwater,2000,0.02,True,12500us,2ms,10ms,False,10ms,10ms,True,0,0.2895180150248522,True,400,100us,82us,20,0.001,True,step,1000us,1776,1.2813105474595612,0.05,breakwater,10ms,0.01,False,4618us,18779us,1234.1914988234935,1233.8663263372723,260.32036138399997,252.80470438000003,204.9882965,4086.807823735534,4102.227566870263,670.3362650731611,670.9341189075266,357.62464875545396,357.2176780282466,278.4977172027051,2066.288765988354,2036.2302406302827,5
S_161142529,breakwater,3000,0.02,True,12500us,2ms,10ms,False,10ms,10ms,True,0,0.2895180150248522,True,400,100us,82us,20,0.001,True,step,1000us,1776,1.2813105474595612,0.05,breakwater,10ms,0.01,False,4618us,18779us,1344.244332899209,1314.7741080766568,425.226479952,343.3840133399999,96.7137405,4261.667431960363,4301.106714604953,815.698255834973,845.9092756996448,387.27555747873186,314.043268908037,27.949500124358636,3236.1920069918738,3199.1822874920176,5
S_161142529,breakwater,4000,0.02,True,12500us,2ms,10ms,False,10ms,10ms,True,0,0.2895180150248522,True,400,100us,82us,20,0.001,True,step,1000us,1776,1.2813105474595612,0.05,breakwater,10ms,0.01,False,4618us,18779us,1957.8554407695306,1957.8352154616227,147.97511805800002,102.92209636,74.0347573,7315.903315100819,7316.105824468912,393.84191330394214,393.80729806877486,59.65530529085786,18.54656298548547,5.797002687318095,562.9146864434624,563.0893896662799,5
S_161142529,breakwater,5000,0.02,True,12500us,2ms,10ms,False,10ms,10ms,True,0,0.2895180150248522,True,400,100us,82us,20,0.001,True,step,1000us,1776,1.2813105474595612,0.05,breakwater,10ms,0.01,False,4618us,18779us,1303.4707125643947,1300.400305258229,516.373331788,458.32342013,109.8635808,4847.363615651367,4925.653915213292,1066.5661873363858,1070.2112061485234,390.72398325548284,385.03656160019534,37.009134998389186,3921.8905268621147,3961.761844080989,5
S_161142529,breakwater,6000,0.02,True,12500us,2ms,10ms,False,10ms,10ms,True,0,0.2895180150248522,True,400,100us,82us,20,0.001,True,step,1000us,1776,1.2813105474595612,0.05,breakwater,10ms,0.01,False,4618us,18779us,931.5274216273216,929.8018868622855,339.30316303399997,300.4193415499999,237.3607394,5106.8438832949805,5824.677013514575,543.5309056677054,546.343269260061,355.3592609717445,347.9218187221642,322.8355225612937,2827.808470778105,3013.098688722005,5
S_161142529,breakwater,7000,0.02,True,12500us,2ms,10ms,False,10ms,10ms,True,0,0.2895180150248522,True,400,100us,82us,20,0.001,True,step,1000us,1776,1.2813105474595612,0.05,breakwater,10ms,0.01,False,4618us,18779us,2543.6111042998355,2117.4332729944545,574.0594698340001,486.1165017199999,153.686531,5898.83310520183,6862.719825996037,1854.619273399567,1371.169605225985,339.6138048376708,307.27525300058625,63.665076586405064,2896.325538654824,3336.6955314947318,5
S_161142529,breakwater,8000,0.02,True,12500us,2ms,10ms,False,10ms,10ms,True,0,0.2895180150248522,True,400,100us,82us,20,0.001,True,step,1000us,1776,1.2813105474595612,0.05,breakwater,10ms,0.01,False,4618us,18779us,2798.6168845015554,2334.8835120344143,537.878486802,455.05590471999994,230.52617289999998,5646.25112636397,6495.812137422034,1764.5082153598087,1511.147189071007,309.03534626897385,281.14843398944646,164.55567985418546,3584.3531429566115,3711.3244799468207,5
S_161142529,breakwater,9000,0.02,True,12500us,2ms,10ms,False,10ms,10ms,True,0,0.2895180150248522,True,400,100us,82us,20,0.001,True,step,1000us,1776,1.2813105474595612,0.05,breakwater,10ms,0.01,False,4618us,18779us,1662.6036244400723,1595.4603108660597,381.35774550999975,286.54539659,121.37658099999999,6290.214163237184,7432.834202124813,628.1966556274955,572.6428135079251,149.3673433750442,91.41673666572756,23.0361755345308,396.75458790720097,335.36439441296915,5
S_161142529,breakwater,10000,0.02,True,12500us,2ms,10ms,False,10ms,10ms,True,0,0.2895180150248522,True,400,100us,82us,20,0.001,True,step,1000us,1776,1.2813105474595612,0.05,breakwater,10ms,0.01,False,4618us,18779us,1105.339713164098,971.8703127258092,872.6290419199993,729.7108903999998,141.215789,3691.524018422386,5179.760865294435,0.0,0.0,0.0,0.0,0.0,0.0,0.0,1
S_161142529,breakwater,11000,0.02,True,12500us,2ms,10ms,False,10ms,10ms,True,0,0.2895180150248522,True,400,100us,82us,20,0.001,True,step,1000us,1776,1.2813105474595612,0.05,breakwater,10ms,0.01,False,4618us,18779us,1878.4947443517576,1750.8449886718545,807.3097769649995,560.0305829874995,145.05999,3260.5202019330104,4398.924606281964,2348.4143938124616,2197.0977802579996,337.77033618765836,223.1943813759518,38.46824291029905,2863.458228906772,3244.531542938937,4
S_161142529,breakwater,12000,0.02,True,12500us,2ms,10ms,False,10ms,10ms,True,0,0.2895180150248522,True,400,100us,82us,20,0.001,True,step,1000us,1776,1.2813105474595612,0.05,breakwater,10ms,0.01,False,4618us,18779us,2495.9480100463174,1213.853119195489,1559.6473670849996,1095.10749875,376.98812224999995,3073.1999065126224,5084.9783280921765,526.2239105126092,328.1678385756778,216.44163283499978,128.60473424999992,26.650103750000014,94.65743796316656,242.39771047840281,2
S_161142529,breakwaterd,1000,1.981014890848788,True,58462us,2ms,10ms,False,10ms,10ms,True,0,6.133567491945523,True,4841,100us,137us,20,1.4038693859523377,True,step,6955us,670,8.781174363909454,0.05,breakwaterd,82067us,0.01,False,28375us,8346us,585.0521317061219,585.0521317061219,70.66981901000001,67.6928324,64.11586750000001,1184.7792573853158,1184.7792573853158,0.0,0.0,0.0,0.0,0.0,0.0,0.0,1
S_161142529,breakwaterd,4000,1.981014890848788,True,58462us,2ms,10ms,False,10ms,10ms,True,0,6.133567491945523,True,4841,100us,137us,20,1.4038693859523377,True,step,6955us,670,8.781174363909454,0.05,breakwaterd,82067us,0.01,False,28375us,8346us,37.08955705415431,11.88898130229056,987.7365206000002,949.7022658,464.936778,22.6566216899544,78.73790686433387,0.0,0.0,0.0,0.0,0.0,0.0,0.0,1
S_161142529,breakwaterd,5000,1.981014890848788,True,58462us,2ms,10ms,False,10ms,10ms,True,0,6.133567491945523,True,4841,100us,137us,20,1.4038693859523377,True,step,6955us,670,8.781174363909454,0.05,breakwaterd,82067us,0.01,False,28375us,8346us,1015.756192541598,1015.756192541598,113.22221415999992,91.1951956,69.55764500000001,5790.919559504133,5799.38437798477,0.0,0.0,0.0,0.0,0.0,0.0,0.0,1
S_161142529,breakwaterd,12000,1.981014890848788,True,58462us,2ms,10ms,False,10ms,10ms,True,0,6.133567491945523,True,4841,100us,137us,20,1.4038693859523377,True,step,6955us,670,8.781174363909454,0.05,breakwaterd,82067us,0.01,False,28375us,8346us,910.1795155425194,777.259090110385,889.6133232000003,640.966291,194.687361,2234.8312250988465,3059.8328457458806,910.1795155425194,777.259090110385,0.0,0.0,0.0,440.5709817877414,525.4509412993925,2
S_161142529,charon,1000,0.02,True,12500us,2ms,8394us,True,10ms,75666us,True,48,0.001,True,400,13360us,10ms,20,0.001,True,linear,1000us,400,0.02,0.05,charon,10ms,0.01,False,12500us,1000us,993.567220614645,993.567220614645,68.39221311666667,66.00673468333333,63.122846833333334,1184.0283437110959,1184.0283437110959,0.9537242749284439,0.9537242749284439,0.47942176505010436,0.18531058018540103,0.01574070558739047,966.9131831562546,966.9131831562546,5
S_161142529,charon,2000,0.02,True,12500us,2ms,8394us,True,10ms,75666us,True,48,0.001,True,400,13360us,10ms,20,0.001,True,linear,1000us,400,0.02,0.05,charon,10ms,0.01,False,12500us,1000us,1829.9166282709582,1829.9166282709582,87.68955708799997,76.99984724999999,66.2476979,5677.422174233376,5677.422174233376,281.14632179717677,281.14632179717677,8.7569843480318,4.997788813532499,1.6942653208525635,497.0868243750675,497.0868243750675,5
S_161142529,charon,3000,0.02,True,12500us,2ms,8394us,True,10ms,75666us,True,48,0.001,True,400,13360us,10ms,20,0.001,True,linear,1000us,400,0.02,0.05,charon,10ms,0.01,False,12500us,1000us,2532.5114380536274,2526.0064954748864,197.02688420400005,104.80558539999993,76.5660015,7726.077244707383,7738.23776989882,142.3075109944748,144.2860846702525,143.74702100768613,9.706773180715519,5.107227996772141,500.2695130235872,480.42898157496364,5
S_161142529,charon,4000,0.02,True,12500us,2ms,8394us,True,10ms,75666us,True,48,0.001,True,400,13360us,10ms,20,0.001,True,linear,1000us,400,0.02,0.05,charon,10ms,0.01,False,12500us,1000us,2591.7710716646516,2586.903272957935,235.20864977799994,186.15854785999994,110.92930449999999,7076.401440505428,7664.8907168803435,1311.2734786614105,1308.161904584984,81.92310481194507,53.29972101189687,21.137491457617728,3544.3754856093597,3828.8337298334673,5
S_161142529,charon,5000,0.02,True,12500us,2ms,8394us,True,10ms,75666us,True,48,0.001,True,400,13360us,10ms,20,0.001,True,linear,1000us,400,0.02,0.05,charon,10ms,0.01,False,12500us,1000us,3066.564619624584,2967.1537971330026,439.8129610280001,308.3608458299999,111.7322867,7494.814061983877,8155.95982177564,968.9129368115239,916.6942639089224,68.65703225292916,37.75064535791934,39.90537720575407,2192.0732857200464,2507.818469791631,5
S_161142529,charon,6000,0.02,True,12500us,2ms,8394us,True,10ms,75666us,True,48,0.001,True,400,13360us,10ms,20,0.001,True,linear,1000us,400,0.02,0.05,charon,10ms,0.01,False,12500us,1000us,2466.97462163674,2380.4608971222706,444.6640810179998,254.79227760999987,112.61063759999999,5739.169637313937,6425.419627339214,1473.141321254938,1411.6078741624412,221.6272843190939,102.96224946189086,33.42866786337796,3062.096703481943,3479.525079055173,5
S_161142529,charon,7000,0.02,True,12500us,2ms,8394us,True,10ms,75666us,True,48,0.001,True,400,13360us,10ms,20,0.001,True,linear,1000us,400,0.02,0.05,charon,10ms,0.01,False,12500us,1000us,2867.2353255032094,2732.476648502384,413.315548508,311.6356420899996,118.744587,6725.6203048468915,7073.542570469831,1503.4130915149644,1424.389063375282,201.9133855153684,142.66064725718667,32.05620297839892,3470.509082445254,3645.219585913803,5
S_161142529,charon,8000,0.02,True,12500us,2ms,8394us,True,10ms,75666us,True,48,0.001,True,400,13360us,10ms,20,0.001,True,linear,1000us,400,0.02,0.05,charon,10ms,0.01,False,12500us,1000us,2551.7923329620867,2271.457808050157,436.3801702919997,344.2688241999999,127.375484,4777.019955313,5621.9821591210875,1935.7098318063115,1687.2561038842055,127.0047533655426,122.4473002737371,54.52116336169894,3561.228483751517,4206.258251961721,5
S_161142529,charon,9000,0.02,True,12500us,2ms,8394us,True,10ms,75666us,True,48,0.001,True,400,13360us,10ms,20,0.001,True,linear,1000us,400,0.02,0.05,charon,10ms,0.01,False,12500us,1000us,2041.6442686276648,1856.1464115580184,907.325279178,747.2903241099999,148.3123008,5402.579745734061,6047.941211055807,1150.176351133851,1008.4302858449172,655.7459449931704,671.7704063531783,45.843715585323025,3174.2572498677378,3558.494080750877,5
S_161142529,charon,10000,0.02,True,12500us,2ms,8394us,True,10ms,75666us,True,48,0.001,True,400,13360us,10ms,20,0.001,True,linear,1000us,400,0.02,0.05,charon,10ms,0.01,False,12500us,1000us,2293.1415877433237,1954.895626866791,644.0936951020001,486.1334808999998,111.26852389999999,4222.114551095143,5082.40545867642,1686.5512275632664,1483.1788847483465,62.17958201581789,117.08918934792219,21.209145904721193,2292.841147138802,2649.255301396509,5
S_161142529,charon,11000,0.02,True,12500us,2ms,8394us,True,10ms,75666us,True,48,0.001,True,400,13360us,10ms,20,0.001,True,linear,1000us,400,0.02,0.05,charon,10ms,0.01,False,12500us,1000us,2528.761594382369,1997.7798640642184,614.6661485119996,492.3641775199999,161.82292950000001,5163.765056479789,6432.559651104495,1642.3592373986473,1256.2750551342513,278.8016734595319,213.67189446742995,71.07822728405323,2765.7346337970885,3566.4161975570532,5
S_161142529,charon,12000,0.02,True,12500us,2ms,8394us,True,10ms,75666us,True,48,0.001,True,400,13360us,10ms,20,0.001,True,linear,1000us,400,0.02,0.05,charon,10ms,0.01,False,12500us,1000us,2946.2504440054536,2250.985661089074,1204.7551206639966,684.3265670199996,184.9992324,4407.284420199139,5999.646524288821,1523.3317607254519,1175.0765773187115,560.9024694277878,226.35507671293928,53.65373115903494,2288.9744422591916,3085.76314459265,5
S_161142529,dagor,1000,0.02,True,12500us,6193us,10ms,False,3806us,10ms,True,0,0.001,True,400,100us,10ms,9,0.001,True,step,1000us,400,0.02,1.189880849637384,dagor,10ms,2.0144790634632894,False,12500us,1000us,802.6925976569961,794.7580249106646,258.30069577999996,250.57990203999998,217.43169189999998,1986.833580326922,1996.8792103948715,382.7239916894476,396.5005707545247,370.53052935727777,366.2126284772514,307.7576139305375,1093.6559689285625,1078.7446024221526,5
S_161142529,dagor,2000,0.02,True,12500us,6193us,10ms,False,3806us,10ms,True,0,0.001,True,400,100us,10ms,9,0.001,True,step,1000us,400,0.02,1.189880849637384,dagor,10ms,2.0144790634632894,False,12500us,1000us,1162.278996066128,1162.2585124185312,229.74722012399985,82.29793785999999,71.5481509,3434.7923446589534,3434.833231764528,947.5917612701592,947.6168375586046,278.16151789948344,3.9822869296114973,1.1642876748242819,2800.8141676720534,2800.764104362771,5
S_161142529,dagor,3000,0.02,True,12500us,6193us,10ms,False,3806us,10ms,True,0,0.001,True,400,100us,10ms,9,0.001,True,step,1000us,400,0.02,1.189880849637384,dagor,10ms,2.0144790634632894,False,12500us,1000us,1855.4064895287659,1849.7142036047305,171.73517437999934,132.07290351,92.61533990000001,5086.507142610628,5110.580122583986,929.2042184725916,926.6772101203138,52.41287661310858,26.347601189115565,9.46029463384559,2542.2358340819364,2554.0734444267973,5
S_161142529,dagor,4000,0.02,True,12500us,6193us,10ms,False,3806us,10ms,True,0,0.001,True,400,100us,10ms,9,0.001,True,step,1000us,400,0.02,1.189880849637384,dagor,10ms,2.0144790634632894,False,12500us,1000us,1448.785437310868,1442.853485314848,244.96357803599977,168.00249265,109.909098,3547.8424652783506,3664.656345721568,1186.216364580732,1181.86968685754,144.0189351738381,68.01643699535265,29.926920547094102,2898.690857296924,2992.526090510886,5
S_161142529,dagor,5000,0.02,True,12500us,6193us,10ms,False,3806us,10ms,True,0,0.001,True,400,100us,10ms,9,0.001,True,step,1000us,400,0.02,1.189880849637384,dagor,10ms,2.0144790634632894,False,12500us,1000us,1363.6462570079323,1333.3676565145004,319.54069648499996,261.10424881250003,158.164984875,2905.8489515474093,3240.3915991566464,1113.210480676458,1089.4400030441814,126.30748892605007,98.08829107244726,49.63133206149217,2374.125456846542,2645.0723684971395,5
S_161142529,dagor,6000,0.02,True,12500us,6193us,10ms,False,3806us,10ms,True,0,0.001,True,400,100us,10ms,9,0.001,True,step,1000us,400,0.02,1.189880849637384,dagor,10ms,2.0144790634632894,False,12500us,1000us,1296.7092500929746,1185.4047391633685,460.76767133666664,380.50044499999996,222.42869616666667,2513.803177852353,3066.5422133658444,1060.9288849012526,969.2879741939129,48.39245634167517,15.93086988172987,10.27605719441153,2066.629053846318,2507.9964188027975,5
S_161142529,dagor,7000,0.02,True,12500us,6193us,10ms,False,3806us,10ms,True,0,0.001,True,400,100us,10ms,9,0.001,True,step,1000us,400,0.02,1.189880849637384,dagor,10ms,2.0144790634632894,False,12500us,1000us,1198.500175226693,803.8198839815547,753.8278026099998,601.06272055,293.9667948333333,1827.2739416618144,2822.1758092868963,980.2705796087082,661.223591476035,100.22515848595246,102.0566456270294,13.995326466223924,1495.804865111789,2304.5842421846005,5
S_161142529,dagor,8000,0.02,True,12500us,6193us,10ms,False,3806us,10ms,True,0,0.001,True,400,100us,10ms,9,0.001,True,step,1000us,400,0.02,1.189880849637384,dagor,10ms,2.0144790634632894,False,12500us,1000us,1561.886204057289,786.1619278158545,803.2201880625,659.0194941125,354.318379625,2071.7471745230155,3724.516917830109,783.717544344047,413.0345494882794,80.55835403222943,41.919378273951004,19.12497943417476,1070.7753511316391,1879.96598144863,5
S_161142529,dagor,9000,0.02,True,12500us,6193us,10ms,False,3806us,10ms,True,0,0.001,True,400,100us,10ms,9,0.001,True,step,1000us,400,0.02,1.189880849637384,dagor,10ms,2.0144790634632894,False,12500us,1000us,1375.9205799538581,398.9215003120081,987.7637822225,867.980241325,462.12569175,1112.774619737642,3088.9895765650413,707.7388824363946,274.67717152738044,30.80689186674163,66.47149845802244,46.691351120541725,629.7951887197408,1573.867335295938,5
S_161142529,dagor,10000,0.02,True,12500us,6193us,10ms,False,3806us,10ms,True,0,0.001,True,400,100us,10ms,9,0.001,True,step,1000us,400,0.02,1.189880849637384,dagor,10ms,2.0144790634632894,False,12500us,1000us,1295.0688936620845,501.18247785545407,3293.3386202724987,1417.2036450874996,409.07264699999996,1035.9251720411935,2791.7387886437073,649.6912898050039,257.46518477412025,307.0051586673911,420.99948305753907,20.591937337600818,533.990158063734,1405.9132521731842,5
S_161142529,dagor,11000,0.02,True,12500us,6193us,10ms,False,3806us,10ms,True,0,0.001,True,400,100us,10ms,9,0.001,True,step,1000us,400,0.02,1.189880849637384,dagor,10ms,2.0144790634632894,False,12500us,1000us,1380.9250584780746,503.7983104108612,3835.0744249859986,1095.5046974799993,439.10650619999996,1330.7969614268095,3100.618852263433,227.516754641415,239.56812404147828,1569.200001013527,132.78301614822044,124.96842267984749,323.38080451988895,398.89975750780934,5
S_161142529,dagor,12000,0.02,True,12500us,6193us,10ms,False,3806us,10ms,True,0,0.001,True,400,100us,10ms,9,0.001,True,step,1000us,400,0.02,1.189880849637384,dagor,10ms,2.0144790634632894,False,12500us,1000us,1219.109389955335,535.3910456283699,5444.628297907992,2534.4518698399993,407.7006603,1197.1066432866614,2676.260957973136,235.35055753938477,160.62105381573934,659.1506290890313,1213.4590339185731,55.968897767903684,264.17301698188237,346.7196743441494,5
